order_id,customer_id,product_id,product_name,category,quantity,unit_price,total_price,status,country,created_at
ORD-0001,CUST-0742,PROD-043,Trail Boots,Footwear,1,111.52,111.52,delivered,SG,2024-01-15 08:03:23
ORD-0002,CUST-9213,PROD-228,Monitor Light Bar,Electronics,2,184.19,368.38,delivered,NL,2024-01-15 08:09:18
ORD-0003,CUST-4486,PROD-394,Scented Candle,Home,5,78.91,394.55,confirmed,SE,2024-01-15 08:09:30
ORD-0004,CUST-3401,PROD-081,USB-C Hub,Electronics,1,37.79,37.79,delivered,CA,2024-01-15 08:09:04
ORD-0005,CUST-2329,PROD-198,Scented Candle,Home,5,130.5,652.5,pending,CA,2024-01-15 08:19:50
ORD-0006,CUST-0594,PROD-270,Blender,Kitchen,3,84.38,253.14,confirmed,US,2024-01-15 08:25:54
ORD-0007,CUST-3370,PROD-323,Resistance Bands,Sports,4,16.26,65.04,confirmed,FR,2024-01-15 08:34:11
ORD-0008,CUST-4664,PROD-361,Scented Candle,Home,4,152.61,610.44,pending,DE,2024-01-15 08:20:16
ORD-0009,CUST-7975,PROD-443,Yoga Mat,Sports,1,78.12,78.12,shipped,JP,2024-01-15 08:40:30
ORD-0010,CUST-3621,PROD-098,Sticky Notes Pack,Office,3,56.31,168.93,delivered,SG,2024-01-15 08:48:40
ORD-0011,CUST-4476,PROD-287,Foam Roller,Sports,3,16.15,48.45,confirmed,KR,2024-01-15 08:48:35
ORD-0012,CUST-3639,PROD-487,Standing Desk Mat,Office,3,55.43,166.29,shipped,AU,2024-01-15 08:48:48
ORD-0013,CUST-0798,PROD-152,Insulated Tumbler,Kitchen,2,63.57,127.14,confirmed,JP,2024-01-15 08:39:52
ORD-0014,CUST-3037,PROD-411,Sticky Notes Pack,Office,2,49.21,98.42,pending,BR,2024-01-15 09:02:32
ORD-0015,CUST-3468,PROD-242,USB-C Hub,Electronics,3,101.18,303.54,delivered,FR,2024-01-15 09:07:15
ORD-0016,CUST-5417,PROD-459,Casual Sneakers,Footwear,5,90.33,451.65,delivered,CA,2024-01-15 08:54:24
ORD-0017,CUST-2860,PROD-136,Jump Rope,Sports,2,44.74,89.48,pending,NL,2024-01-15 09:17:04
ORD-0018,CUST-5193,PROD-085,Foam Roller,Sports,5,34.56,172.8,pending,DE,2024-01-15 08:56:42
ORD-0019,CUST-0830,PROD-404,Foam Roller,Sports,5,44.16,220.8,delivered,KR,2024-01-15 08:54:47
ORD-0020,CUST-1018,PROD-261,Desk Lamp,Home,4,139.2,556.8,shipped,DE,2024-01-15 08:30:20
ORD-0021,CUST-8938,PROD-315,Noise-Cancelling Earbuds,Electronics,3,90.74,272.22,delivered,SE,2024-01-15 08:49:21
ORD-0022,CUST-9525,PROD-285,Resistance Bands,Sports,1,49.91,49.91,delivered,JP,2024-01-15 08:51:42
ORD-0023,CUST-6094,PROD-291,Coffee Maker,Kitchen,3,39.01,117.03,confirmed,AU,2024-01-15 09:41:58
ORD-0024,CUST-9756,PROD-203,Trail Boots,Footwear,1,94.25,94.25,pending,BR,2024-01-15 09:24:24
ORD-0025,CUST-4388,PROD-244,Desk Lamp,Home,2,35.65,71.3,confirmed,US,2024-01-15 08:50:50
ORD-0026,CUST-2715,PROD-254,Trail Boots,Footwear,4,89.38,357.52,confirmed,FR,2024-01-15 09:19:18
ORD-0027,CUST-1606,PROD-162,Resistance Bands,Sports,4,26.68,106.72,confirmed,GB,2024-01-15 10:06:54
ORD-0028,CUST-5114,PROD-246,Wall Clock,Home,2,99.17,198.34,delivered,DE,2024-01-15 09:58:32
ORD-0029,CUST-6948,PROD-467,Notebook Set,Office,1,20.88,20.88,pending,JP,2024-01-15 09:07:11
ORD-0030,CUST-1602,PROD-294,Coffee Maker,Kitchen,2,127.96,255.92,confirmed,US,2024-01-15 09:31:30
ORD-0031,CUST-3024,PROD-330,Wireless Mouse,Electronics,4,130.9,523.6,shipped,AU,2024-01-15 09:24:13
ORD-0032,CUST-5214,PROD-086,Wall Clock,Home,4,131.34,525.36,shipped,KR,2024-01-15 10:24:32
ORD-0033,CUST-3037,PROD-354,Throw Blanket,Home,2,157.87,315.74,cancelled,NL,2024-01-15 10:26:51
ORD-0034,CUST-9264,PROD-400,Monitor Light Bar,Electronics,3,100.86,302.58,cancelled,FR,2024-01-15 08:56:40
ORD-0035,CUST-9454,PROD-405,Coffee Maker,Kitchen,2,86.87,173.74,pending,US,2024-01-15 10:09:30
ORD-0036,CUST-4156,PROD-288,Casual Sneakers,Footwear,2,102.84,205.68,pending,JP,2024-01-15 09:42:00
ORD-0037,CUST-2370,PROD-447,Sandals,Footwear,1,76.87,76.87,confirmed,SE,2024-01-15 10:18:08
ORD-0038,CUST-4388,PROD-455,Wireless Mouse,Electronics,4,176.53,706.12,delivered,SE,2024-01-15 10:35:48
ORD-0039,CUST-3966,PROD-319,Notebook Set,Office,5,52.68,263.4,shipped,SE,2024-01-15 09:24:30
ORD-0040,CUST-3642,PROD-353,Monitor Light Bar,Electronics,5,171.8,859.0,delivered,KR,2024-01-15 10:08:00
ORD-0041,CUST-6733,PROD-309,Foam Roller,Sports,5,37.73,188.65,confirmed,DE,2024-01-15 09:15:10
ORD-0042,CUST-0589,PROD-071,Notebook Set,Office,5,13.9,69.5,shipped,AU,2024-01-15 11:22:18
ORD-0043,CUST-0488,PROD-284,Coffee Maker,Kitchen,3,47.33,141.99,shipped,DE,2024-01-15 11:17:05
ORD-0044,CUST-1592,PROD-142,Noise-Cancelling Earbuds,Electronics,2,164.96,329.92,pending,AU,2024-01-15 09:52:56
ORD-0045,CUST-4686,PROD-073,Wireless Headphones,Electronics,3,170.85,512.55,pending,SE,2024-01-15 09:58:30
ORD-0046,CUST-5959,PROD-390,Trail Boots,Footwear,5,89.6,448.0,delivered,NL,2024-01-15 10:50:58
ORD-0047,CUST-9741,PROD-195,Yoga Mat,Sports,1,27.29,27.29,delivered,BR,2024-01-15 10:32:45
ORD-0048,CUST-4261,PROD-409,Blender,Kitchen,2,143.97,287.94,shipped,KR,2024-01-15 10:56:00
ORD-0049,CUST-8630,PROD-253,Ceramic Mug,Kitchen,4,102.74,410.96,shipped,SE,2024-01-15 10:54:46
ORD-0050,CUST-9192,PROD-017,Insulated Tumbler,Kitchen,5,80.81,404.05,shipped,NL,2024-01-15 11:44:10
ORD-0051,CUST-6094,PROD-136,Noise-Cancelling Earbuds,Electronics,3,196.24,588.72,confirmed,JP,2024-01-15 09:34:21
ORD-0052,CUST-8265,PROD-117,Insulated Tumbler,Kitchen,4,139.66,558.64,confirmed,JP,2024-01-15 09:47:28
ORD-0053,CUST-2041,PROD-134,Foam Roller,Sports,2,46.6,93.2,confirmed,CA,2024-01-15 11:15:13
ORD-0054,CUST-7853,PROD-065,Wireless Mouse,Electronics,3,131.37,394.11,delivered,AU,2024-01-15 10:06:00
ORD-0055,CUST-6449,PROD-032,Scented Candle,Home,4,24.02,96.08,confirmed,DE,2024-01-15 11:34:30
ORD-0056,CUST-9431,PROD-268,Notebook Set,Office,4,40.29,161.16,confirmed,SG,2024-01-15 09:51:04
ORD-0057,CUST-9140,PROD-230,Air Purifier,Home,2,27.56,55.12,shipped,GB,2024-01-15 09:35:00
ORD-0058,CUST-4110,PROD-051,Foam Roller,Sports,2,12.22,24.44,shipped,NL,2024-01-15 12:45:10
ORD-0059,CUST-3635,PROD-451,Ceramic Mug,Kitchen,3,85.82,257.46,delivered,JP,2024-01-15 09:47:11
ORD-0060,CUST-9672,PROD-419,Ceramic Mug,Kitchen,3,44.96,134.88,shipped,NL,2024-01-15 10:04:00
ORD-0061,CUST-2041,PROD-196,Coffee Maker,Kitchen,1,13.83,13.83,pending,DE,2024-01-15 11:41:38
ORD-0062,CUST-1784,PROD-192,Ceramic Mug,Kitchen,3,146.54,439.62,shipped,KR,2024-01-15 10:32:56
ORD-0063,CUST-5066,PROD-467,Air Purifier,Home,3,56.31,168.93,pending,GB,2024-01-15 10:10:12
ORD-0064,CUST-9066,PROD-005,Bluetooth Speaker,Electronics,5,108.27,541.35,confirmed,US,2024-01-15 11:28:00
ORD-0065,CUST-9534,PROD-067,Foam Roller,Sports,2,44.33,88.66,shipped,US,2024-01-15 12:46:00
ORD-0066,CUST-8631,PROD-367,Sandals,Footwear,1,114.2,114.2,pending,US,2024-01-15 12:08:36
ORD-0067,CUST-5187,PROD-244,Wireless Headphones,Electronics,4,135.7,542.8,pending,JP,2024-01-15 13:08:12
ORD-0068,CUST-5157,PROD-047,Scented Candle,Home,5,115.64,578.2,pending,GB,2024-01-15 10:52:16
ORD-0069,CUST-7772,PROD-172,Blender,Kitchen,2,115.52,231.04,confirmed,SG,2024-01-15 12:55:33
ORD-0070,CUST-9750,PROD-028,Mechanical Keyboard,Electronics,5,85.53,427.65,confirmed,FR,2024-01-15 12:07:20
ORD-0071,CUST-9055,PROD-192,Casual Sneakers,Footwear,4,117.33,469.32,shipped,DE,2024-01-15 09:47:41
ORD-0072,CUST-5491,PROD-328,Sandals,Footwear,4,106.22,424.88,delivered,US,2024-01-15 12:43:12
ORD-0073,CUST-0966,PROD-304,Water Bottle,Sports,3,17.52,52.56,delivered,US,2024-01-15 13:50:24
ORD-0074,CUST-7209,PROD-317,Standing Desk Mat,Office,3,37.43,112.29,shipped,JP,2024-01-15 11:14:52
ORD-0075,CUST-6361,PROD-048,Insulated Tumbler,Kitchen,1,66.57,66.57,delivered,DE,2024-01-15 11:35:00
ORD-0076,CUST-8673,PROD-081,Trail Boots,Footwear,5,78.48,392.4,delivered,GB,2024-01-15 12:18:24
ORD-0077,CUST-9866,PROD-185,Yoga Mat,Sports,1,38.01,38.01,delivered,US,2024-01-15 12:51:19
ORD-0078,CUST-0450,PROD-360,Yoga Mat,Sports,4,30.16,120.64,pending,CA,2024-01-15 12:59:00
ORD-0079,CUST-1748,PROD-462,Scented Candle,Home,5,118.87,594.35,cancelled,KR,2024-01-15 12:16:45
ORD-0080,CUST-7684,PROD-073,Wireless Mouse,Electronics,3,45.81,137.43,confirmed,CA,2024-01-15 13:17:20
ORD-0081,CUST-7492,PROD-345,Standing Desk Mat,Office,1,38.45,38.45,confirmed,AU,2024-01-15 14:18:00
ORD-0082,CUST-2504,PROD-075,Ceramic Mug,Kitchen,3,145.24,435.72,shipped,SE,2024-01-15 13:38:56
ORD-0083,CUST-3103,PROD-403,Air Purifier,Home,2,25.64,51.28,delivered,BR,2024-01-15 10:11:25
ORD-0084,CUST-7850,PROD-066,Sticky Notes Pack,Office,2,50.43,100.86,shipped,CA,2024-01-15 13:03:48
ORD-0085,CUST-3551,PROD-340,Jump Rope,Sports,4,58.86,235.44,pending,GB,2024-01-15 11:59:25
ORD-0086,CUST-1631,PROD-251,Air Purifier,Home,1,137.84,137.84,pending,SE,2024-01-15 11:42:10
ORD-0087,CUST-7588,PROD-463,Foam Roller,Sports,3,25.77,77.31,shipped,JP,2024-01-15 10:56:54
ORD-0088,CUST-5442,PROD-010,Trail Boots,Footwear,5,53.07,265.35,cancelled,CA,2024-01-15 13:57:52
ORD-0089,CUST-0526,PROD-269,Insulated Tumbler,Kitchen,4,87.39,349.56,confirmed,BR,2024-01-15 10:29:49
ORD-0090,CUST-3485,PROD-426,Foam Roller,Sports,2,35.89,71.78,confirmed,BR,2024-01-15 12:10:30
ORD-0091,CUST-3445,PROD-453,Running Shoes,Footwear,2,92.66,185.32,shipped,KR,2024-01-15 12:48:10
ORD-0092,CUST-2284,PROD-284,Insulated Tumbler,Kitchen,2,137.69,275.38,delivered,AU,2024-01-15 14:21:48
ORD-0093,CUST-6375,PROD-292,Casual Sneakers,Footwear,3,45.88,137.64,shipped,BR,2024-01-15 11:47:51
ORD-0094,CUST-3066,PROD-330,Running Shoes,Footwear,4,41.57,166.28,shipped,BR,2024-01-15 12:21:38
ORD-0095,CUST-3431,PROD-299,Bluetooth Speaker,Electronics,2,75.72,151.44,shipped,US,2024-01-15 12:07:00
ORD-0096,CUST-3161,PROD-324,Sticky Notes Pack,Office,1,11.8,11.8,shipped,KR,2024-01-15 11:18:24
ORD-0097,CUST-9619,PROD-271,Resistance Bands,Sports,4,51.4,205.6,delivered,SG,2024-01-15 13:08:47
ORD-0098,CUST-2132,PROD-447,Scented Candle,Home,4,117.51,470.04,delivered,AU,2024-01-15 13:52:48
ORD-0099,CUST-0489,PROD-277,Resistance Bands,Sports,2,13.93,27.86,shipped,SG,2024-01-15 10:56:33
ORD-0100,CUST-8236,PROD-030,Desk Lamp,Home,5,132.12,660.6,confirmed,US,2024-01-15 13:38:20
ORD-0101,CUST-7626,PROD-253,Bluetooth Speaker,Electronics,1,26.63,26.63,cancelled,NL,2024-01-15 10:55:04
ORD-0102,CUST-6078,PROD-111,Air Purifier,Home,5,59.65,298.25,delivered,NL,2024-01-15 15:56:00
ORD-0103,CUST-2177,PROD-033,Blender,Kitchen,3,51.21,153.63,shipped,US,2024-01-15 14:50:17
ORD-0104,CUST-0410,PROD-303,Yoga Mat,Sports,3,11.73,35.19,delivered,JP,2024-01-15 14:07:28
ORD-0105,CUST-4990,PROD-072,Wall Clock,Home,5,50.55,252.75,pending,GB,2024-01-15 14:30:15
ORD-0106,CUST-7854,PROD-167,USB-C Hub,Electronics,4,124.29,497.16,delivered,US,2024-01-15 13:21:32
ORD-0107,CUST-1146,PROD-494,Notebook Set,Office,5,17.46,87.3,shipped,JP,2024-01-15 13:19:13
ORD-0108,CUST-0768,PROD-204,Trail Boots,Footwear,4,91.25,365.0,shipped,SE,2024-01-15 14:59:24
ORD-0109,CUST-9731,PROD-088,Casual Sneakers,Footwear,3,97.72,293.16,confirmed,JP,2024-01-15 15:55:58
ORD-0110,CUST-4711,PROD-273,Coffee Maker,Kitchen,2,103.04,206.08,shipped,AU,2024-01-15 14:17:40
ORD-0111,CUST-1932,PROD-218,Resistance Bands,Sports,5,57.53,287.65,confirmed,BR,2024-01-15 12:09:45
ORD-0112,CUST-5814,PROD-061,Coffee Maker,Kitchen,2,123.14,246.28,shipped,NL,2024-01-15 14:02:08
ORD-0113,CUST-0380,PROD-481,Desk Lamp,Home,3,49.03,147.09,pending,FR,2024-01-15 11:34:42
ORD-0114,CUST-4152,PROD-496,Mechanical Keyboard,Electronics,5,68.53,342.65,shipped,AU,2024-01-15 15:13:12
ORD-0115,CUST-7419,PROD-205,Running Shoes,Footwear,2,59.81,119.62,confirmed,BR,2024-01-15 14:40:35
ORD-0116,CUST-5331,PROD-443,Trail Boots,Footwear,5,90.68,453.4,confirmed,BR,2024-01-15 14:22:48
ORD-0117,CUST-8398,PROD-128,Scented Candle,Home,3,15.53,46.59,confirmed,JP,2024-01-15 14:37:48
ORD-0118,CUST-2028,PROD-013,Sticky Notes Pack,Office,5,39.37,196.85,confirmed,BR,2024-01-15 14:09:44
ORD-0119,CUST-5537,PROD-332,Air Purifier,Home,2,114.71,229.42,confirmed,DE,2024-01-15 16:15:50
ORD-0120,CUST-2570,PROD-363,Ceramic Mug,Kitchen,1,106.25,106.25,shipped,NL,2024-01-15 13:46:00
ORD-0121,CUST-2777,PROD-027,Air Purifier,Home,2,50.77,101.54,shipped,JP,2024-01-15 14:55:26
ORD-0122,CUST-3503,PROD-252,Notebook Set,Office,2,19.87,39.74,shipped,GB,2024-01-15 13:07:02
ORD-0123,CUST-6497,PROD-409,Insulated Tumbler,Kitchen,4,83.28,333.12,cancelled,KR,2024-01-15 18:12:57
ORD-0124,CUST-5329,PROD-319,Sandals,Footwear,5,64.17,320.85,delivered,CA,2024-01-15 14:22:20
ORD-0125,CUST-5043,PROD-174,Noise-Cancelling Earbuds,Electronics,4,68.29,273.16,delivered,NL,2024-01-15 16:07:30
ORD-0126,CUST-2031,PROD-222,Desk Lamp,Home,4,115.34,461.36,confirmed,JP,2024-01-15 17:27:00
ORD-0127,CUST-5230,PROD-435,Foam Roller,Sports,2,37.26,74.52,pending,CA,2024-01-15 17:44:12
ORD-0128,CUST-1633,PROD-251,Water Bottle,Sports,5,22.67,113.35,pending,SG,2024-01-15 15:49:20
ORD-0129,CUST-0992,PROD-322,Coffee Maker,Kitchen,3,60.55,181.65,confirmed,SG,2024-01-15 16:46:45
ORD-0130,CUST-9434,PROD-454,Foam Roller,Sports,4,67.18,268.72,delivered,GB,2024-01-15 14:01:50
ORD-0131,CUST-9607,PROD-236,Sticky Notes Pack,Office,5,34.14,170.7,confirmed,KR,2024-01-15 13:23:08
ORD-0132,CUST-3278,PROD-482,Monitor Light Bar,Electronics,4,183.71,734.84,confirmed,CA,2024-01-15 16:52:24
ORD-0133,CUST-4012,PROD-126,Foam Roller,Sports,2,47.21,94.42,shipped,US,2024-01-15 12:06:03
ORD-0134,CUST-5719,PROD-136,Throw Blanket,Home,4,73.16,292.64,pending,SE,2024-01-15 18:00:46
ORD-0135,CUST-5851,PROD-116,Insulated Tumbler,Kitchen,2,16.57,33.14,confirmed,AU,2024-01-15 18:39:00
ORD-0136,CUST-9700,PROD-360,Wireless Mouse,Electronics,5,93.39,466.95,confirmed,SE,2024-01-15 14:59:20
ORD-0137,CUST-7392,PROD-416,Wireless Mouse,Electronics,4,179.3,717.2,confirmed,SE,2024-01-15 12:15:44
ORD-0138,CUST-3735,PROD-363,Desk Lamp,Home,4,142.23,568.92,shipped,CA,2024-01-15 19:20:48
ORD-0139,CUST-2100,PROD-150,Notebook Set,Office,1,46.71,46.71,delivered,JP,2024-01-15 15:57:14
ORD-0140,CUST-8825,PROD-306,Standing Desk Mat,Office,2,40.87,81.74,confirmed,NL,2024-01-15 15:28:00
ORD-0141,CUST-3914,PROD-103,Bluetooth Speaker,Electronics,2,52.22,104.44,shipped,US,2024-01-15 14:20:42
ORD-0142,CUST-8648,PROD-035,Yoga Mat,Sports,5,26.82,134.1,pending,KR,2024-01-15 19:38:10
ORD-0143,CUST-8697,PROD-282,Wall Clock,Home,1,111.83,111.83,confirmed,CA,2024-01-15 18:50:39
ORD-0144,CUST-5582,PROD-411,Throw Blanket,Home,3,140.14,420.42,shipped,CA,2024-01-15 15:28:48
ORD-0145,CUST-1437,PROD-039,Blender,Kitchen,3,45.82,137.46,delivered,GB,2024-01-15 15:07:45
ORD-0146,CUST-7320,PROD-100,Standing Desk Mat,Office,3,26.54,79.62,shipped,JP,2024-01-15 12:49:34
ORD-0147,CUST-2371,PROD-196,Notebook Set,Office,4,20.63,82.52,delivered,SE,2024-01-15 14:34:27
ORD-0148,CUST-0643,PROD-277,Standing Desk Mat,Office,5,19.32,96.6,cancelled,AU,2024-01-15 13:25:36
ORD-0149,CUST-3781,PROD-320,Wireless Mouse,Electronics,1,40.44,40.44,pending,GB,2024-01-15 12:18:16
ORD-0150,CUST-6755,PROD-204,Wall Clock,Home,1,28.17,28.17,shipped,KR,2024-01-15 17:30:00
ORD-0151,CUST-1898,PROD-035,Notebook Set,Office,4,16.55,66.2,cancelled,US,2024-01-15 18:24:08
ORD-0152,CUST-1466,PROD-160,Notebook Set,Office,2,44.48,88.96,shipped,GB,2024-01-15 13:24:16
ORD-0153,CUST-9221,PROD-147,Running Shoes,Footwear,1,116.57,116.57,shipped,BR,2024-01-15 13:13:39
ORD-0154,CUST-5549,PROD-284,Wireless Mouse,Electronics,1,125.72,125.72,confirmed,DE,2024-01-15 12:01:16
ORD-0155,CUST-4461,PROD-230,USB-C Hub,Electronics,4,54.84,219.36,shipped,CA,2024-01-15 20:05:55
ORD-0156,CUST-8685,PROD-349,Monitor Light Bar,Electronics,2,195.95,391.9,confirmed,SE,2024-01-15 16:21:48
ORD-0157,CUST-0601,PROD-067,Notebook Set,Office,4,26.55,106.2,shipped,CA,2024-01-15 20:25:45
ORD-0158,CUST-0684,PROD-208,Noise-Cancelling Earbuds,Electronics,4,109.78,439.12,pending,SE,2024-01-15 15:30:18
ORD-0159,CUST-7879,PROD-156,Wall Clock,Home,1,156.97,156.97,confirmed,AU,2024-01-15 15:43:45
ORD-0160,CUST-8218,PROD-011,Mechanical Keyboard,Electronics,1,110.41,110.41,delivered,SG,2024-01-15 15:49:20
ORD-0161,CUST-9865,PROD-264,Sandals,Footwear,4,67.63,270.52,pending,SG,2024-01-15 12:09:33
ORD-0162,CUST-9870,PROD-477,Air Purifier,Home,3,124.18,372.54,pending,KR,2024-01-15 19:15:00
ORD-0163,CUST-8740,PROD-051,Running Shoes,Footwear,4,77.03,308.12,shipped,FR,2024-01-15 16:25:18
ORD-0164,CUST-6304,PROD-444,Resistance Bands,Sports,5,14.47,72.35,pending,CA,2024-01-15 19:20:36
ORD-0165,CUST-3476,PROD-276,Wall Clock,Home,3,33.18,99.54,pending,GB,2024-01-15 18:38:00
ORD-0166,CUST-4454,PROD-175,Throw Blanket,Home,1,12.54,12.54,shipped,SG,2024-01-15 16:12:28
ORD-0167,CUST-2509,PROD-354,Scented Candle,Home,5,140.65,703.25,confirmed,AU,2024-01-15 17:30:35
ORD-0168,CUST-1442,PROD-077,Insulated Tumbler,Kitchen,4,39.14,156.56,shipped,BR,2024-01-15 12:31:36
ORD-0169,CUST-3682,PROD-035,Resistance Bands,Sports,3,46.67,140.01,confirmed,KR,2024-01-15 21:03:02
ORD-0170,CUST-1770,PROD-240,Wireless Headphones,Electronics,2,33.4,66.8,pending,US,2024-01-15 19:34:10
ORD-0171,CUST-2834,PROD-292,Wireless Mouse,Electronics,3,134.25,402.75,confirmed,DE,2024-01-15 19:18:18
ORD-0172,CUST-4545,PROD-429,Monitor Light Bar,Electronics,2,44.27,88.54,confirmed,CA,2024-01-15 18:47:52
ORD-0173,CUST-0329,PROD-180,Casual Sneakers,Footwear,5,77.78,388.9,confirmed,US,2024-01-15 16:21:42
ORD-0174,CUST-7888,PROD-297,Air Purifier,Home,4,152.12,608.48,delivered,DE,2024-01-15 21:58:06
ORD-0175,CUST-7624,PROD-122,Casual Sneakers,Footwear,4,71.48,285.92,confirmed,CA,2024-01-15 21:30:50
ORD-0176,CUST-8395,PROD-028,Throw Blanket,Home,5,113.13,565.65,delivered,DE,2024-01-15 16:36:16
ORD-0177,CUST-3883,PROD-384,Air Purifier,Home,4,12.02,48.08,shipped,BR,2024-01-15 21:04:42
ORD-0178,CUST-3724,PROD-294,Resistance Bands,Sports,5,73.6,368.0,delivered,KR,2024-01-15 14:31:36
ORD-0179,CUST-2739,PROD-371,Standing Desk Mat,Office,1,6.34,6.34,confirmed,SE,2024-01-15 21:49:22
ORD-0180,CUST-6174,PROD-286,Casual Sneakers,Footwear,2,48.67,97.34,shipped,BR,2024-01-15 14:51:00
ORD-0181,CUST-4112,PROD-138,Trail Boots,Footwear,1,76.53,76.53,delivered,FR,2024-01-15 19:36:51
ORD-0182,CUST-8908,PROD-310,Blender,Kitchen,2,81.78,163.56,pending,US,2024-01-15 21:39:00
ORD-0183,CUST-3481,PROD-418,Wall Clock,Home,5,98.17,490.85,delivered,NL,2024-01-15 17:05:57
ORD-0184,CUST-5164,PROD-044,Wireless Headphones,Electronics,5,174.53,872.65,pending,GB,2024-01-15 16:16:48
ORD-0185,CUST-0842,PROD-100,Notebook Set,Office,2,27.1,54.2,pending,SE,2024-01-15 21:40:10
ORD-0186,CUST-9076,PROD-071,Casual Sneakers,Footwear,4,98.14,392.56,confirmed,AU,2024-01-15 19:00:18
ORD-0187,CUST-4075,PROD-305,Foam Roller,Sports,3,46.98,140.94,delivered,SE,2024-01-15 22:23:19
ORD-0188,CUST-9008,PROD-405,Throw Blanket,Home,5,50.83,254.15,shipped,AU,2024-01-15 13:19:36
ORD-0189,CUST-8077,PROD-308,Mechanical Keyboard,Electronics,4,88.14,352.56,shipped,KR,2024-01-15 12:46:39
ORD-0190,CUST-5657,PROD-198,Foam Roller,Sports,4,22.34,89.36,delivered,KR,2024-01-15 17:01:30
ORD-0191,CUST-9810,PROD-160,Mechanical Keyboard,Electronics,4,56.18,224.72,confirmed,JP,2024-01-15 14:02:54
ORD-0192,CUST-5871,PROD-064,Standing Desk Mat,Office,3,46.31,138.93,delivered,KR,2024-01-15 17:55:12
ORD-0193,CUST-6639,PROD-211,Ceramic Mug,Kitchen,1,48.53,48.53,delivered,JP,2024-01-15 20:10:11
ORD-0194,CUST-1732,PROD-100,Bluetooth Speaker,Electronics,2,112.25,224.5,shipped,US,2024-01-15 18:56:22
ORD-0195,CUST-9417,PROD-424,Standing Desk Mat,Office,5,12.63,63.15,cancelled,SE,2024-01-15 23:49:00
ORD-0196,CUST-4429,PROD-480,Trail Boots,Footwear,3,93.93,281.79,delivered,CA,2024-01-15 20:57:28
ORD-0197,CUST-1636,PROD-011,Desk Lamp,Home,5,14.4,72.0,shipped,JP,2024-01-15 19:32:47
ORD-0198,CUST-2951,PROD-221,Noise-Cancelling Earbuds,Electronics,5,94.83,474.15,confirmed,DE,2024-01-15 17:47:24
ORD-0199,CUST-5225,PROD-038,Sandals,Footwear,3,48.86,146.58,pending,CA,2024-01-15 13:48:15
ORD-0200,CUST-2364,PROD-002,Mechanical Keyboard,Electronics,5,113.44,567.2,shipped,SG,2024-01-15 23:26:40
ORD-0201,CUST-1077,PROD-238,Casual Sneakers,Footwear,4,67.1,268.4,confirmed,SG,2024-01-15 13:04:51
ORD-0202,CUST-7537,PROD-204,Sandals,Footwear,3,75.13,225.39,shipped,AU,2024-01-16 00:19:42
ORD-0203,CUST-0711,PROD-011,Insulated Tumbler,Kitchen,5,111.17,555.85,confirmed,DE,2024-01-16 00:07:38
ORD-0204,CUST-4346,PROD-357,Coffee Maker,Kitchen,2,111.76,223.52,confirmed,DE,2024-01-15 13:26:24
ORD-0205,CUST-8399,PROD-130,Notebook Set,Office,2,32.32,64.64,shipped,SE,2024-01-15 21:57:05
ORD-0206,CUST-7259,PROD-072,Air Purifier,Home,2,152.85,305.7,confirmed,SG,2024-01-15 17:57:24
ORD-0207,CUST-9029,PROD-301,Sandals,Footwear,1,66.38,66.38,shipped,CA,2024-01-15 23:14:15
ORD-0208,CUST-7747,PROD-433,Ceramic Mug,Kitchen,4,76.29,305.16,pending,CA,2024-01-15 22:40:32
ORD-0209,CUST-8716,PROD-287,Noise-Cancelling Earbuds,Electronics,4,133.36,533.44,delivered,JP,2024-01-15 17:20:49
ORD-0210,CUST-2498,PROD-124,Scented Candle,Home,4,55.5,222.0,confirmed,KR,2024-01-15 16:55:30
ORD-0211,CUST-4116,PROD-130,Casual Sneakers,Footwear,3,54.16,162.48,shipped,SG,2024-01-15 17:12:07
ORD-0212,CUST-4091,PROD-457,Wireless Headphones,Electronics,4,131.89,527.56,confirmed,BR,2024-01-15 17:21:48
ORD-0213,CUST-6760,PROD-277,Jump Rope,Sports,3,25.4,76.2,shipped,SG,2024-01-15 19:03:51
ORD-0214,CUST-2198,PROD-434,Wireless Headphones,Electronics,3,86.1,258.3,cancelled,NL,2024-01-15 17:59:12
ORD-0215,CUST-8156,PROD-245,Yoga Mat,Sports,2,45.62,91.24,delivered,SG,2024-01-15 15:20:45
ORD-0216,CUST-8762,PROD-037,Blender,Kitchen,5,114.01,570.05,shipped,SG,2024-01-15 17:10:48
ORD-0217,CUST-2415,PROD-119,Notebook Set,Office,1,32.27,32.27,confirmed,JP,2024-01-15 17:49:31
ORD-0218,CUST-1887,PROD-438,Yoga Mat,Sports,3,37.63,112.89,pending,JP,2024-01-15 16:21:24
ORD-0219,CUST-9699,PROD-271,Coffee Maker,Kitchen,2,128.46,256.92,delivered,FR,2024-01-15 14:05:00
ORD-0220,CUST-6758,PROD-256,Foam Roller,Sports,2,36.61,73.22,confirmed,JP,2024-01-15 18:41:40
ORD-0221,CUST-6425,PROD-098,Running Shoes,Footwear,1,103.84,103.84,confirmed,KR,2024-01-15 17:30:55
ORD-0222,CUST-0554,PROD-445,Ceramic Mug,Kitchen,1,106.67,106.67,confirmed,KR,2024-01-16 01:49:18
ORD-0223,CUST-4479,PROD-326,USB-C Hub,Electronics,3,73.69,221.07,pending,SE,2024-01-15 13:38:13
ORD-0224,CUST-1814,PROD-334,Foam Roller,Sports,4,41.85,167.4,shipped,SG,2024-01-15 19:00:48
ORD-0225,CUST-2894,PROD-074,Running Shoes,Footwear,3,95.54,286.62,confirmed,US,2024-01-15 23:41:15
ORD-0226,CUST-0629,PROD-141,Throw Blanket,Home,2,119.05,238.1,delivered,JP,2024-01-15 18:51:38
ORD-0227,CUST-9125,PROD-143,Wireless Headphones,Electronics,1,170.45,170.45,confirmed,FR,2024-01-15 21:37:12
ORD-0228,CUST-5300,PROD-165,Air Purifier,Home,5,119.2,596.0,pending,FR,2024-01-16 02:25:48
ORD-0229,CUST-1834,PROD-037,Notebook Set,Office,5,20.22,101.1,shipped,FR,2024-01-16 00:36:09
ORD-0230,CUST-6067,PROD-498,Sticky Notes Pack,Office,5,12.24,61.2,shipped,KR,2024-01-15 13:52:40
ORD-0231,CUST-0597,PROD-217,Yoga Mat,Sports,2,32.64,65.28,pending,JP,2024-01-15 17:49:03
ORD-0232,CUST-0317,PROD-110,Blender,Kitchen,1,51.55,51.55,shipped,JP,2024-01-15 18:34:08
ORD-0233,CUST-2141,PROD-182,Notebook Set,Office,3,40.16,120.48,pending,DE,2024-01-15 22:29:52
ORD-0234,CUST-7803,PROD-394,Sandals,Footwear,1,119.24,119.24,shipped,NL,2024-01-16 00:34:30
ORD-0235,CUST-8839,PROD-067,Air Purifier,Home,3,68.96,206.88,delivered,FR,2024-01-15 16:37:00
ORD-0236,CUST-4286,PROD-117,Ceramic Mug,Kitchen,3,145.24,435.72,shipped,BR,2024-01-15 20:11:36
ORD-0237,CUST-9809,PROD-006,Throw Blanket,Home,2,65.92,131.84,confirmed,BR,2024-01-15 19:31:15
ORD-0238,CUST-2352,PROD-498,Running Shoes,Footwear,3,86.78,260.34,confirmed,GB,2024-01-15 14:48:34
ORD-0239,CUST-0071,PROD-430,Standing Desk Mat,Office,2,49.54,99.08,shipped,GB,2024-01-15 17:09:42
ORD-0240,CUST-3047,PROD-218,Jump Rope,Sports,1,37.02,37.02,pending,GB,2024-01-15 15:40:00
ORD-0241,CUST-6858,PROD-268,Desk Lamp,Home,2,92.98,185.96,delivered,CA,2024-01-15 17:54:28
ORD-0242,CUST-2839,PROD-241,Ceramic Mug,Kitchen,5,128.06,640.3,delivered,SE,2024-01-15 17:04:30
ORD-0243,CUST-2462,PROD-009,Mechanical Keyboard,Electronics,2,28.05,56.1,pending,CA,2024-01-16 03:38:33
ORD-0244,CUST-9930,PROD-131,Wireless Mouse,Electronics,1,92.88,92.88,confirmed,JP,2024-01-15 22:30:16
ORD-0245,CUST-5595,PROD-182,Standing Desk Mat,Office,1,30.29,30.29,confirmed,SG,2024-01-16 03:31:55
ORD-0246,CUST-8618,PROD-332,Sandals,Footwear,4,51.76,207.04,delivered,CA,2024-01-15 19:45:12
ORD-0247,CUST-9639,PROD-046,Mechanical Keyboard,Electronics,5,197.21,986.05,pending,NL,2024-01-15 23:22:08
ORD-0248,CUST-3599,PROD-373,Yoga Mat,Sports,3,20.47,61.41,pending,AU,2024-01-15 23:30:00
ORD-0249,CUST-5027,PROD-122,Trail Boots,Footwear,2,107.73,215.46,delivered,SE,2024-01-15 18:30:48
ORD-0250,CUST-3176,PROD-296,Bluetooth Speaker,Electronics,1,152.04,152.04,confirmed,CA,2024-01-15 20:21:40
ORD-0251,CUST-9920,PROD-216,Insulated Tumbler,Kitchen,5,95.6,478.0,confirmed,SG,2024-01-15 19:34:26
ORD-0252,CUST-9080,PROD-142,Laptop Stand,Office,1,48.21,48.21,delivered,SG,2024-01-16 02:07:48
ORD-0253,CUST-0476,PROD-259,Foam Roller,Sports,5,61.68,308.4,confirmed,DE,2024-01-16 04:27:03
ORD-0254,CUST-9001,PROD-297,Sandals,Footwear,2,60.82,121.64,pending,FR,2024-01-15 14:37:56
ORD-0255,CUST-9364,PROD-439,Trail Boots,Footwear,3,46.11,138.33,pending,CA,2024-01-15 20:06:45
ORD-0256,CUST-2631,PROD-353,Sandals,Footwear,5,102.82,514.1,shipped,US,2024-01-15 23:30:08
ORD-0257,CUST-0995,PROD-075,Casual Sneakers,Footwear,3,69.46,208.38,delivered,NL,2024-01-16 01:03:43
ORD-0258,CUST-8772,PROD-464,Blender,Kitchen,2,121.78,243.56,cancelled,GB,2024-01-16 00:24:42
ORD-0259,CUST-2011,PROD-391,Throw Blanket,Home,1,145.34,145.34,shipped,KR,2024-01-15 14:32:49
ORD-0260,CUST-4242,PROD-044,Throw Blanket,Home,2,36.86,73.72,delivered,US,2024-01-15 21:30:20
ORD-0261,CUST-1612,PROD-246,Bluetooth Speaker,Electronics,1,179.88,179.88,confirmed,JP,2024-01-15 20:28:12
ORD-0262,CUST-1805,PROD-297,Desk Lamp,Home,1,40.22,40.22,pending,GB,2024-01-15 16:52:44
ORD-0263,CUST-5336,PROD-258,Wall Clock,Home,1,84.91,84.91,pending,SE,2024-01-15 23:16:07
ORD-0264,CUST-2429,PROD-020,Running Shoes,Footwear,1,111.4,111.4,pending,DE,2024-01-15 18:11:36
ORD-0265,CUST-5793,PROD-335,Scented Candle,Home,3,119.91,359.73,cancelled,JP,2024-01-15 23:54:00
ORD-0266,CUST-2541,PROD-492,Standing Desk Mat,Office,1,50.33,50.33,shipped,CA,2024-01-15 17:31:54
ORD-0267,CUST-3215,PROD-106,Trail Boots,Footwear,3,83.61,250.83,pending,SG,2024-01-16 00:01:12
ORD-0268,CUST-2851,PROD-491,Desk Lamp,Home,2,77.21,154.42,cancelled,GB,2024-01-15 22:22:04
ORD-0269,CUST-9767,PROD-430,Notebook Set,Office,5,50.1,250.5,delivered,US,2024-01-16 00:44:16
ORD-0270,CUST-0149,PROD-290,Coffee Maker,Kitchen,2,9.25,18.5,pending,AU,2024-01-15 20:45:00
ORD-0271,CUST-3710,PROD-104,Throw Blanket,Home,3,74.85,224.55,pending,DE,2024-01-16 01:27:52
ORD-0272,CUST-0304,PROD-092,Standing Desk Mat,Office,3,50.63,151.89,cancelled,NL,2024-01-16 03:20:32
ORD-0273,CUST-2078,PROD-469,Blender,Kitchen,2,134.73,269.46,shipped,SE,2024-01-16 04:42:09
ORD-0274,CUST-0193,PROD-279,Sticky Notes Pack,Office,4,29.4,117.6,cancelled,JP,2024-01-15 22:09:24
ORD-0275,CUST-3722,PROD-469,Running Shoes,Footwear,3,106.57,319.71,delivered,CA,2024-01-16 02:38:20
ORD-0276,CUST-9202,PROD-385,Standing Desk Mat,Office,5,26.74,133.7,shipped,BR,2024-01-16 00:15:12
ORD-0277,CUST-3557,PROD-069,Throw Blanket,Home,2,13.13,26.26,pending,GB,2024-01-16 01:32:36
ORD-0278,CUST-6731,PROD-278,Coffee Maker,Kitchen,1,23.0,23.0,shipped,DE,2024-01-15 18:44:02
ORD-0279,CUST-8317,PROD-174,Foam Roller,Sports,2,46.87,93.74,shipped,SG,2024-01-15 17:36:36
ORD-0280,CUST-2554,PROD-452,Wireless Mouse,Electronics,2,42.66,85.32,confirmed,NL,2024-01-16 01:39:20
ORD-0281,CUST-1577,PROD-039,Throw Blanket,Home,2,82.25,164.5,delivered,GB,2024-01-15 19:23:46
ORD-0282,CUST-8391,PROD-327,Yoga Mat,Sports,2,34.58,69.16,delivered,AU,2024-01-15 21:37:48
ORD-0283,CUST-6751,PROD-371,Water Bottle,Sports,5,59.84,299.2,confirmed,JP,2024-01-15 17:02:25
ORD-0284,CUST-6173,PROD-059,Monitor Light Bar,Electronics,3,91.62,274.86,pending,NL,2024-01-16 03:43:20
ORD-0285,CUST-3081,PROD-458,Monitor Light Bar,Electronics,3,124.51,373.53,confirmed,DE,2024-01-15 21:27:30
ORD-0286,CUST-6802,PROD-131,Sandals,Footwear,2,70.37,140.74,pending,CA,2024-01-15 23:15:12
ORD-0287,CUST-9579,PROD-159,Monitor Light Bar,Electronics,3,88.11,264.33,pending,NL,2024-01-15 17:38:47
ORD-0288,CUST-2862,PROD-147,Air Purifier,Home,5,47.45,237.25,confirmed,DE,2024-01-16 06:38:24
ORD-0289,CUST-0294,PROD-422,Wall Clock,Home,4,134.98,539.92,shipped,DE,2024-01-16 04:57:09
ORD-0290,CUST-9213,PROD-420,Running Shoes,Footwear,5,111.5,557.5,shipped,GB,2024-01-16 00:45:20
ORD-0291,CUST-6977,PROD-086,Scented Candle,Home,2,41.35,82.7,pending,BR,2024-01-15 22:52:24
ORD-0292,CUST-2438,PROD-216,Air Purifier,Home,5,153.51,767.55,shipped,FR,2024-01-16 01:21:28
ORD-0293,CUST-9661,PROD-322,Bluetooth Speaker,Electronics,5,106.8,534.0,shipped,SG,2024-01-16 04:35:29
ORD-0294,CUST-6652,PROD-023,Wireless Mouse,Electronics,3,50.5,151.5,confirmed,SE,2024-01-15 21:48:06
ORD-0295,CUST-8784,PROD-127,Foam Roller,Sports,3,59.78,179.34,delivered,FR,2024-01-15 19:03:45
ORD-0296,CUST-9463,PROD-051,Air Purifier,Home,1,155.79,155.79,cancelled,NL,2024-01-15 19:01:04
ORD-0297,CUST-9016,PROD-082,Wall Clock,Home,4,156.69,626.76,pending,SE,2024-01-15 21:26:51
ORD-0298,CUST-6428,PROD-171,Yoga Mat,Sports,1,56.08,56.08,shipped,AU,2024-01-15 19:55:12
ORD-0299,CUST-2895,PROD-371,Sandals,Footwear,2,90.84,181.68,delivered,JP,2024-01-15 16:33:17
ORD-0300,CUST-0393,PROD-326,Scented Candle,Home,3,142.45,427.35,pending,JP,2024-01-15 16:10:00
ORD-0301,CUST-3468,PROD-241,Casual Sneakers,Footwear,2,73.99,147.98,pending,NL,2024-01-16 05:29:17
ORD-0302,CUST-7298,PROD-256,Sandals,Footwear,3,109.12,327.36,confirmed,SE,2024-01-16 00:21:30
ORD-0303,CUST-8938,PROD-088,Water Bottle,Sports,3,15.58,46.74,confirmed,BR,2024-01-15 16:45:12
ORD-0304,CUST-4851,PROD-376,Casual Sneakers,Footwear,3,93.97,281.91,confirmed,SE,2024-01-16 03:40:32
ORD-0305,CUST-3947,PROD-403,Casual Sneakers,Footwear,1,80.92,80.92,confirmed,DE,2024-01-16 03:29:10
ORD-0306,CUST-9001,PROD-270,Sticky Notes Pack,Office,1,51.7,51.7,delivered,JP,2024-01-15 20:04:12
ORD-0307,CUST-8669,PROD-487,Ceramic Mug,Kitchen,1,65.38,65.38,shipped,SE,2024-01-15 20:47:30
ORD-0308,CUST-1515,PROD-374,Ceramic Mug,Kitchen,2,63.47,126.94,pending,GB,2024-01-15 21:15:40
ORD-0309,CUST-4008,PROD-003,Coffee Maker,Kitchen,1,84.45,84.45,confirmed,KR,2024-01-15 17:57:24
ORD-0310,CUST-9189,PROD-208,Standing Desk Mat,Office,2,25.35,50.7,shipped,US,2024-01-15 21:51:50
ORD-0311,CUST-0086,PROD-395,Bluetooth Speaker,Electronics,4,80.73,322.92,delivered,JP,2024-01-15 21:02:41
ORD-0312,CUST-3263,PROD-238,Noise-Cancelling Earbuds,Electronics,5,107.08,535.4,pending,US,2024-01-16 01:20:00
ORD-0313,CUST-9035,PROD-001,USB-C Hub,Electronics,2,128.6,257.2,cancelled,KR,2024-01-16 04:15:29
ORD-0314,CUST-3333,PROD-200,Sticky Notes Pack,Office,4,41.68,166.72,pending,KR,2024-01-15 22:02:34
ORD-0315,CUST-3999,PROD-337,Wireless Headphones,Electronics,3,68.29,204.87,confirmed,US,2024-01-16 02:33:00
ORD-0316,CUST-0577,PROD-288,Jump Rope,Sports,1,44.99,44.99,confirmed,KR,2024-01-16 05:14:32
ORD-0317,CUST-0140,PROD-246,Air Purifier,Home,3,43.16,129.48,shipped,SG,2024-01-15 17:35:53
ORD-0318,CUST-7187,PROD-007,Noise-Cancelling Earbuds,Electronics,3,39.86,119.58,delivered,SG,2024-01-16 06:05:00
ORD-0319,CUST-7572,PROD-303,Jump Rope,Sports,4,12.92,51.68,delivered,US,2024-01-16 10:08:25
ORD-0320,CUST-0739,PROD-213,Foam Roller,Sports,3,40.4,121.2,confirmed,AU,2024-01-16 01:30:40
ORD-0321,CUST-3623,PROD-214,Sticky Notes Pack,Office,2,9.77,19.54,delivered,DE,2024-01-15 21:27:51
ORD-0322,CUST-5978,PROD-032,Casual Sneakers,Footwear,2,118.81,237.62,confirmed,NL,2024-01-15 18:11:48
ORD-0323,CUST-1768,PROD-485,Notebook Set,Office,5,41.74,208.7,confirmed,CA,2024-01-15 20:55:12
ORD-0324,CUST-3107,PROD-030,Trail Boots,Footwear,1,47.13,47.13,confirmed,SE,2024-01-16 06:30:00
ORD-0325,CUST-8125,PROD-273,Wireless Headphones,Electronics,1,36.96,36.96,pending,SG,2024-01-15 22:32:05
ORD-0326,CUST-5647,PROD-217,Mechanical Keyboard,Electronics,1,76.95,76.95,confirmed,AU,2024-01-16 10:48:16
ORD-0327,CUST-4122,PROD-202,Blender,Kitchen,4,49.34,197.36,cancelled,KR,2024-01-16 02:15:27
ORD-0328,CUST-5172,PROD-032,Insulated Tumbler,Kitchen,3,17.69,53.07,pending,GB,2024-01-16 10:36:16
ORD-0329,CUST-6236,PROD-442,Ceramic Mug,Kitchen,5,64.05,320.25,pending,SE,2024-01-16 11:08:33
ORD-0330,CUST-6746,PROD-245,Insulated Tumbler,Kitchen,1,108.14,108.14,confirmed,US,2024-01-16 02:47:30
ORD-0331,CUST-7709,PROD-488,Insulated Tumbler,Kitchen,5,81.7,408.5,pending,JP,2024-01-16 05:08:50
ORD-0332,CUST-9000,PROD-072,Sandals,Footwear,1,44.38,44.38,shipped,NL,2024-01-16 09:43:48
ORD-0333,CUST-2379,PROD-343,Bluetooth Speaker,Electronics,1,187.79,187.79,confirmed,NL,2024-01-16 03:25:30
ORD-0334,CUST-9791,PROD-017,Foam Roller,Sports,3,21.17,63.51,confirmed,DE,2024-01-16 03:45:42
ORD-0335,CUST-9537,PROD-312,Mechanical Keyboard,Electronics,4,114.6,458.4,cancelled,KR,2024-01-16 10:59:10
ORD-0336,CUST-2540,PROD-393,Mechanical Keyboard,Electronics,1,89.67,89.67,cancelled,CA,2024-01-15 17:59:12
ORD-0337,CUST-1534,PROD-317,Mechanical Keyboard,Electronics,5,142.5,712.5,shipped,JP,2024-01-16 11:31:18
ORD-0338,CUST-8730,PROD-028,Blender,Kitchen,2,103.31,206.62,shipped,DE,2024-01-16 03:03:34
ORD-0339,CUST-8510,PROD-214,Wall Clock,Home,5,21.91,109.55,confirmed,KR,2024-01-16 07:43:48
ORD-0340,CUST-1669,PROD-385,Noise-Cancelling Earbuds,Electronics,5,57.24,286.2,confirmed,GB,2024-01-16 08:05:00
ORD-0341,CUST-3314,PROD-290,Mechanical Keyboard,Electronics,1,115.21,115.21,delivered,BR,2024-01-15 22:06:49
ORD-0342,CUST-4327,PROD-356,Coffee Maker,Kitchen,2,119.73,239.46,delivered,BR,2024-01-16 04:59:42
ORD-0343,CUST-1988,PROD-306,Desk Lamp,Home,5,157.95,789.75,delivered,GB,2024-01-15 22:00:21
ORD-0344,CUST-4879,PROD-480,Standing Desk Mat,Office,5,20.48,102.4,confirmed,BR,2024-01-15 17:33:20
ORD-0345,CUST-3638,PROD-120,Standing Desk Mat,Office,1,16.33,16.33,delivered,NL,2024-01-16 07:05:45
ORD-0346,CUST-1882,PROD-084,Sticky Notes Pack,Office,4,57.05,228.2,delivered,SE,2024-01-15 20:29:40
ORD-0347,CUST-7104,PROD-011,Bluetooth Speaker,Electronics,2,83.81,167.62,cancelled,FR,2024-01-16 01:03:39
ORD-0348,CUST-0949,PROD-064,Standing Desk Mat,Office,4,29.64,118.56,confirmed,NL,2024-01-16 04:47:00
ORD-0349,CUST-3438,PROD-346,Wall Clock,Home,2,94.82,189.64,delivered,BR,2024-01-16 06:23:39
ORD-0350,CUST-5096,PROD-261,Blender,Kitchen,4,134.43,537.72,pending,SE,2024-01-16 01:24:10
ORD-0351,CUST-3931,PROD-346,Wireless Mouse,Electronics,5,134.49,672.45,confirmed,NL,2024-01-15 19:06:54
ORD-0352,CUST-8302,PROD-445,Bluetooth Speaker,Electronics,2,57.27,114.54,confirmed,CA,2024-01-16 07:33:52
ORD-0353,CUST-5880,PROD-057,Coffee Maker,Kitchen,3,37.4,112.2,pending,JP,2024-01-15 22:24:51
ORD-0354,CUST-4014,PROD-337,Sandals,Footwear,4,94.22,376.88,confirmed,SE,2024-01-16 04:27:12
ORD-0355,CUST-7151,PROD-500,Standing Desk Mat,Office,5,7.97,39.85,shipped,KR,2024-01-16 08:45:05
ORD-0356,CUST-1805,PROD-243,Yoga Mat,Sports,3,59.6,178.8,cancelled,NL,2024-01-15 22:44:04
ORD-0357,CUST-1775,PROD-309,Laptop Stand,Office,3,51.97,155.91,shipped,JP,2024-01-16 06:48:30
ORD-0358,CUST-4697,PROD-442,Coffee Maker,Kitchen,2,102.2,204.4,delivered,CA,2024-01-16 03:35:26
ORD-0359,CUST-0032,PROD-039,Ceramic Mug,Kitchen,4,31.01,124.04,confirmed,AU,2024-01-16 05:14:27
ORD-0360,CUST-8035,PROD-500,Notebook Set,Office,4,27.26,109.04,shipped,SE,2024-01-15 21:00:00
ORD-0361,CUST-4403,PROD-353,Standing Desk Mat,Office,5,8.9,44.5,delivered,AU,2024-01-16 13:34:55
ORD-0362,CUST-2599,PROD-011,Casual Sneakers,Footwear,2,58.46,116.92,pending,SG,2024-01-16 11:33:08
ORD-0363,CUST-2804,PROD-034,Jump Rope,Sports,3,57.67,173.01,pending,KR,2024-01-16 11:13:30
ORD-0364,CUST-9325,PROD-243,Noise-Cancelling Earbuds,Electronics,2,103.59,207.18,shipped,DE,2024-01-16 02:48:24
ORD-0365,CUST-6500,PROD-083,Wireless Headphones,Electronics,4,130.56,522.24,shipped,SG,2024-01-15 20:22:10
ORD-0366,CUST-8163,PROD-493,Standing Desk Mat,Office,5,37.64,188.2,confirmed,BR,2024-01-16 04:13:54
ORD-0367,CUST-6885,PROD-191,Sticky Notes Pack,Office,1,33.17,33.17,pending,SE,2024-01-15 21:39:38
ORD-0368,CUST-5213,PROD-165,Standing Desk Mat,Office,4,10.94,43.76,delivered,AU,2024-01-16 09:57:52
ORD-0369,CUST-5737,PROD-236,Running Shoes,Footwear,1,53.31,53.31,shipped,AU,2024-01-15 21:13:21
ORD-0370,CUST-4977,PROD-025,Water Bottle,Sports,2,45.13,90.26,shipped,JP,2024-01-16 08:27:40
ORD-0371,CUST-6494,PROD-477,Casual Sneakers,Footwear,4,45.33,181.32,pending,US,2024-01-16 04:24:18
ORD-0372,CUST-8847,PROD-494,Resistance Bands,Sports,2,69.81,139.62,pending,FR,2024-01-15 21:44:36
ORD-0373,CUST-3008,PROD-253,Water Bottle,Sports,5,27.71,138.55,confirmed,BR,2024-01-16 13:25:32
ORD-0374,CUST-9118,PROD-451,Standing Desk Mat,Office,1,8.46,8.46,confirmed,NL,2024-01-16 11:50:32
ORD-0375,CUST-7322,PROD-326,Wireless Headphones,Electronics,4,26.82,107.28,pending,BR,2024-01-15 19:46:15
ORD-0376,CUST-8130,PROD-113,Air Purifier,Home,3,73.35,220.05,delivered,GB,2024-01-16 03:19:20
ORD-0377,CUST-7095,PROD-073,Bluetooth Speaker,Electronics,1,87.35,87.35,confirmed,GB,2024-01-16 00:51:37
ORD-0378,CUST-2384,PROD-283,Blender,Kitchen,2,46.61,93.22,shipped,NL,2024-01-16 07:18:36
ORD-0379,CUST-0066,PROD-466,Throw Blanket,Home,5,83.28,416.4,delivered,FR,2024-01-16 06:00:11
ORD-0380,CUST-4278,PROD-415,Desk Lamp,Home,3,53.94,161.82,delivered,FR,2024-01-16 09:13:40
ORD-0381,CUST-5016,PROD-060,Notebook Set,Office,3,46.25,138.75,pending,JP,2024-01-15 22:36:18
ORD-0382,CUST-0657,PROD-434,Ceramic Mug,Kitchen,2,57.76,115.52,pending,KR,2024-01-16 12:39:00
ORD-0383,CUST-8566,PROD-028,Sticky Notes Pack,Office,3,52.96,158.88,confirmed,AU,2024-01-16 10:48:36
ORD-0384,CUST-2799,PROD-177,Coffee Maker,Kitchen,1,79.35,79.35,cancelled,NL,2024-01-15 21:39:12
ORD-0385,CUST-1919,PROD-072,Sticky Notes Pack,Office,5,31.25,156.25,delivered,AU,2024-01-16 07:44:30
ORD-0386,CUST-9834,PROD-278,Noise-Cancelling Earbuds,Electronics,3,51.55,154.65,pending,NL,2024-01-15 21:37:02
ORD-0387,CUST-0114,PROD-460,Monitor Light Bar,Electronics,5,179.96,899.8,shipped,BR,2024-01-16 00:59:06
ORD-0388,CUST-5975,PROD-255,Notebook Set,Office,5,55.44,277.2,pending,SG,2024-01-16 12:01:20
ORD-0389,CUST-8892,PROD-368,Sticky Notes Pack,Office,5,36.07,180.35,confirmed,SG,2024-01-15 19:07:47
ORD-0390,CUST-7219,PROD-211,Yoga Mat,Sports,1,62.35,62.35,cancelled,NL,2024-01-16 02:57:30
ORD-0391,CUST-2700,PROD-154,Wall Clock,Home,2,117.31,234.62,confirmed,CA,2024-01-16 15:03:46
ORD-0392,CUST-1526,PROD-392,Wall Clock,Home,5,63.35,316.75,shipped,SG,2024-01-15 20:31:20
ORD-0393,CUST-9347,PROD-039,Yoga Mat,Sports,2,63.3,126.6,shipped,DE,2024-01-16 01:08:21
ORD-0394,CUST-2590,PROD-227,Ceramic Mug,Kitchen,3,77.14,231.42,delivered,GB,2024-01-16 01:04:24
ORD-0395,CUST-5012,PROD-308,Running Shoes,Footwear,4,118.96,475.84,pending,KR,2024-01-16 09:27:20
ORD-0396,CUST-9838,PROD-305,Standing Desk Mat,Office,2,43.61,87.22,delivered,US,2024-01-15 23:43:48
ORD-0397,CUST-4101,PROD-457,Blender,Kitchen,1,97.85,97.85,pending,CA,2024-01-16 10:54:28
ORD-0398,CUST-0707,PROD-362,Jump Rope,Sports,5,56.02,280.1,delivered,CA,2024-01-15 20:36:12
ORD-0399,CUST-7930,PROD-203,Water Bottle,Sports,2,69.83,139.66,pending,GB,2024-01-16 11:09:15
ORD-0400,CUST-6972,PROD-441,Air Purifier,Home,5,146.93,734.65,shipped,SE,2024-01-16 02:40:00
ORD-0401,CUST-4199,PROD-054,Laptop Stand,Office,4,6.45,25.8,delivered,CA,2024-01-16 14:44:36
ORD-0402,CUST-5872,PROD-221,Sticky Notes Pack,Office,3,43.82,131.46,confirmed,BR,2024-01-16 00:38:18
ORD-0403,CUST-7016,PROD-467,Mechanical Keyboard,Electronics,3,33.89,101.67,delivered,SE,2024-01-16 10:18:25
ORD-0404,CUST-6903,PROD-127,Running Shoes,Footwear,4,99.02,396.08,delivered,DE,2024-01-16 04:12:00
ORD-0405,CUST-6246,PROD-330,Desk Lamp,Home,4,98.33,393.32,delivered,SG,2024-01-16 00:18:45
ORD-0406,CUST-2465,PROD-306,Bluetooth Speaker,Electronics,3,148.2,444.6,pending,DE,2024-01-15 19:09:54
ORD-0407,CUST-4575,PROD-161,Casual Sneakers,Footwear,4,68.79,275.16,confirmed,GB,2024-01-16 17:55:00
ORD-0408,CUST-6551,PROD-425,Water Bottle,Sports,2,30.01,60.02,cancelled,US,2024-01-16 14:02:00
ORD-0409,CUST-8939,PROD-267,Blender,Kitchen,4,108.22,432.88,confirmed,CA,2024-01-15 23:33:53
ORD-0410,CUST-5318,PROD-318,Resistance Bands,Sports,3,32.99,98.97,shipped,JP,2024-01-16 11:40:30
ORD-0411,CUST-3839,PROD-429,Wireless Mouse,Electronics,2,151.57,303.14,shipped,AU,2024-01-16 10:01:48
ORD-0412,CUST-1165,PROD-357,Running Shoes,Footwear,3,94.65,283.95,delivered,KR,2024-01-16 10:46:48
ORD-0413,CUST-3250,PROD-499,Noise-Cancelling Earbuds,Electronics,4,190.05,760.2,shipped,AU,2024-01-15 22:34:11
ORD-0414,CUST-8582,PROD-316,Wireless Mouse,Electronics,3,48.65,145.95,delivered,FR,2024-01-16 16:46:30
ORD-0415,CUST-5416,PROD-018,Ceramic Mug,Kitchen,5,61.33,306.65,confirmed,DE,2024-01-16 10:03:10
ORD-0416,CUST-1023,PROD-451,Standing Desk Mat,Office,5,31.98,159.9,pending,SG,2024-01-16 02:22:24
ORD-0417,CUST-3493,PROD-387,Trail Boots,Footwear,4,44.97,179.88,pending,JP,2024-01-16 18:17:12
ORD-0418,CUST-7844,PROD-123,Laptop Stand,Office,3,51.89,155.67,shipped,BR,2024-01-15 21:00:16
ORD-0419,CUST-1736,PROD-102,Wall Clock,Home,5,86.08,430.4,pending,JP,2024-01-16 11:07:07
ORD-0420,CUST-3240,PROD-360,Trail Boots,Footwear,4,115.3,461.2,delivered,BR,2024-01-16 04:25:00
ORD-0421,CUST-3568,PROD-457,Sandals,Footwear,1,47.04,47.04,confirmed,BR,2024-01-16 17:26:46
ORD-0422,CUST-4547,PROD-024,Yoga Mat,Sports,3,28.79,86.37,confirmed,KR,2024-01-16 14:35:42
ORD-0423,CUST-7252,PROD-289,Desk Lamp,Home,2,125.57,251.14,shipped,CA,2024-01-16 01:51:36
ORD-0424,CUST-8283,PROD-190,Insulated Tumbler,Kitchen,3,28.29,84.87,pending,SE,2024-01-16 01:54:08
ORD-0425,CUST-5714,PROD-088,Mechanical Keyboard,Electronics,3,137.55,412.65,cancelled,CA,2024-01-16 04:32:30
ORD-0426,CUST-8645,PROD-454,Running Shoes,Footwear,2,72.19,144.38,pending,US,2024-01-16 19:08:42
ORD-0427,CUST-0604,PROD-032,Noise-Cancelling Earbuds,Electronics,5,121.78,608.9,pending,SE,2024-01-16 19:20:46
ORD-0428,CUST-8166,PROD-475,USB-C Hub,Electronics,4,128.3,513.2,shipped,DE,2024-01-15 21:33:12
ORD-0429,CUST-8778,PROD-106,Wireless Mouse,Electronics,1,134.17,134.17,pending,CA,2024-01-16 02:49:42
ORD-0430,CUST-2991,PROD-318,Coffee Maker,Kitchen,1,75.21,75.21,confirmed,SE,2024-01-16 07:39:00
ORD-0431,CUST-9863,PROD-319,Wall Clock,Home,2,116.8,233.6,shipped,JP,2024-01-16 18:57:32
ORD-0432,CUST-8871,PROD-344,Coffee Maker,Kitchen,4,87.69,350.76,delivered,DE,2024-01-16 05:43:12
ORD-0433,CUST-0711,PROD-292,Water Bottle,Sports,4,60.64,242.56,confirmed,GB,2024-01-16 16:35:43
ORD-0434,CUST-2142,PROD-257,Air Purifier,Home,4,64.08,256.32,shipped,US,2024-01-16 20:02:46
ORD-0435,CUST-5833,PROD-086,Insulated Tumbler,Kitchen,5,16.68,83.4,confirmed,DE,2024-01-16 07:33:45
ORD-0436,CUST-3689,PROD-386,Sticky Notes Pack,Office,5,19.05,95.25,confirmed,CA,2024-01-16 18:01:56
ORD-0437,CUST-9916,PROD-154,Wireless Mouse,Electronics,3,66.13,198.39,confirmed,KR,2024-01-16 16:31:56
ORD-0438,CUST-3548,PROD-263,Blender,Kitchen,2,86.67,173.34,confirmed,KR,2024-01-15 23:27:06
ORD-0439,CUST-8082,PROD-390,Running Shoes,Footwear,3,50.57,151.71,delivered,DE,2024-01-15 19:13:08
ORD-0440,CUST-1928,PROD-215,Bluetooth Speaker,Electronics,4,67.36,269.44,shipped,SE,2024-01-16 05:30:40
ORD-0441,CUST-3926,PROD-438,Sandals,Footwear,2,53.62,107.24,cancelled,SG,2024-01-15 20:00:18
ORD-0442,CUST-7349,PROD-105,Noise-Cancelling Earbuds,Electronics,2,175.87,351.74,delivered,AU,2024-01-16 01:55:32
ORD-0443,CUST-8184,PROD-193,Sandals,Footwear,2,58.61,117.22,pending,US,2024-01-16 05:02:33
ORD-0444,CUST-8192,PROD-119,Laptop Stand,Office,2,50.13,100.26,confirmed,FR,2024-01-16 05:42:24
ORD-0445,CUST-6772,PROD-410,Mechanical Keyboard,Electronics,4,121.99,487.96,confirmed,CA,2024-01-16 13:32:35
ORD-0446,CUST-6294,PROD-013,Trail Boots,Footwear,5,56.65,283.25,delivered,NL,2024-01-16 18:48:46
ORD-0447,CUST-2048,PROD-150,Insulated Tumbler,Kitchen,5,54.78,273.9,shipped,SE,2024-01-16 09:04:54
ORD-0448,CUST-8114,PROD-071,Blender,Kitchen,2,131.83,263.66,shipped,CA,2024-01-16 07:08:48
ORD-0449,CUST-2709,PROD-329,Foam Roller,Sports,1,17.64,17.64,delivered,KR,2024-01-16 18:25:24
ORD-0450,CUST-9264,PROD-281,Trail Boots,Footwear,1,92.06,92.06,shipped,KR,2024-01-16 07:37:30
ORD-0451,CUST-3007,PROD-471,Standing Desk Mat,Office,5,30.86,154.3,confirmed,KR,2024-01-16 01:54:53
ORD-0452,CUST-2867,PROD-483,Water Bottle,Sports,1,28.2,28.2,shipped,FR,2024-01-16 05:35:44
ORD-0453,CUST-5534,PROD-006,Throw Blanket,Home,3,116.09,348.27,pending,BR,2024-01-15 21:35:24
ORD-0454,CUST-4764,PROD-060,Coffee Maker,Kitchen,2,60.92,121.84,pending,SE,2024-01-15 23:53:24
ORD-0455,CUST-6715,PROD-368,Casual Sneakers,Footwear,3,46.95,140.85,pending,NL,2024-01-15 20:23:10
ORD-0456,CUST-6078,PROD-119,Wireless Mouse,Electronics,2,31.47,62.94,cancelled,BR,2024-01-15 20:40:00
ORD-0457,CUST-7005,PROD-125,Jump Rope,Sports,4,50.61,202.44,cancelled,NL,2024-01-16 10:09:02
ORD-0458,CUST-4500,PROD-261,Monitor Light Bar,Electronics,1,64.97,64.97,shipped,GB,2024-01-16 08:25:36
ORD-0459,CUST-2110,PROD-277,Blender,Kitchen,3,110.67,332.01,confirmed,JP,2024-01-16 19:34:21
ORD-0460,CUST-4922,PROD-448,Wall Clock,Home,1,33.54,33.54,confirmed,AU,2024-01-16 19:08:20
ORD-0461,CUST-7036,PROD-395,Coffee Maker,Kitchen,1,137.76,137.76,confirmed,US,2024-01-16 05:00:04
ORD-0462,CUST-5041,PROD-302,Wall Clock,Home,5,36.98,184.9,cancelled,SE,2024-01-16 09:55:24
ORD-0463,CUST-0440,PROD-307,Standing Desk Mat,Office,3,10.6,31.8,pending,FR,2024-01-16 13:34:50
ORD-0464,CUST-7527,PROD-084,USB-C Hub,Electronics,2,143.92,287.84,shipped,GB,2024-01-16 04:45:04
ORD-0465,CUST-9673,PROD-288,Ceramic Mug,Kitchen,3,123.08,369.24,shipped,FR,2024-01-16 20:02:15
ORD-0466,CUST-0454,PROD-083,Trail Boots,Footwear,4,49.78,199.12,cancelled,SE,2024-01-16 22:34:28
ORD-0467,CUST-9054,PROD-115,Coffee Maker,Kitchen,3,90.17,270.51,confirmed,KR,2024-01-16 02:33:01
ORD-0468,CUST-1561,PROD-076,Laptop Stand,Office,3,36.02,108.06,shipped,DE,2024-01-16 00:30:36
ORD-0469,CUST-2133,PROD-155,Laptop Stand,Office,4,14.46,57.84,shipped,KR,2024-01-16 11:37:08
ORD-0470,CUST-9717,PROD-272,Water Bottle,Sports,1,28.29,28.29,pending,GB,2024-01-16 12:43:20
ORD-0471,CUST-8525,PROD-352,Wireless Headphones,Electronics,2,45.3,90.6,confirmed,KR,2024-01-16 15:39:42
ORD-0472,CUST-4401,PROD-187,Running Shoes,Footwear,2,80.73,161.46,delivered,AU,2024-01-16 20:19:04
ORD-0473,CUST-3533,PROD-075,Desk Lamp,Home,3,37.74,113.22,confirmed,SG,2024-01-16 21:18:52
ORD-0474,CUST-5082,PROD-149,Wall Clock,Home,5,28.83,144.15,pending,US,2024-01-15 21:33:42
ORD-0475,CUST-1149,PROD-139,Blender,Kitchen,1,15.85,15.85,confirmed,AU,2024-01-16 02:52:05
ORD-0476,CUST-6498,PROD-351,Insulated Tumbler,Kitchen,4,111.28,445.12,shipped,KR,2024-01-16 03:26:12
ORD-0477,CUST-5804,PROD-040,Notebook Set,Office,3,12.21,36.63,confirmed,GB,2024-01-16 01:13:30
ORD-0478,CUST-4759,PROD-456,Yoga Mat,Sports,4,75.86,303.44,confirmed,SG,2024-01-16 02:27:22
ORD-0479,CUST-6631,PROD-099,Laptop Stand,Office,2,53.94,107.88,pending,US,2024-01-16 19:47:31
ORD-0480,CUST-6487,PROD-115,Running Shoes,Footwear,2,49.57,99.14,pending,BR,2024-01-16 05:28:00
ORD-0481,CUST-6456,PROD-374,Jump Rope,Sports,4,71.57,286.28,delivered,GB,2024-01-16 08:19:02
ORD-0482,CUST-9580,PROD-275,Desk Lamp,Home,1,39.35,39.35,delivered,CA,2024-01-15 23:23:50
ORD-0483,CUST-7481,PROD-373,Noise-Cancelling Earbuds,Electronics,3,137.28,411.84,confirmed,NL,2024-01-16 05:28:00
ORD-0484,CUST-4668,PROD-265,Coffee Maker,Kitchen,2,8.14,16.28,confirmed,FR,2024-01-16 22:35:08
ORD-0485,CUST-1643,PROD-340,Wall Clock,Home,3,109.28,327.84,pending,SE,2024-01-16 13:38:20
ORD-0486,CUST-6111,PROD-251,Desk Lamp,Home,5,144.68,723.4,pending,NL,2024-01-16 02:21:36
ORD-0487,CUST-9104,PROD-171,Laptop Stand,Office,1,13.0,13.0,confirmed,BR,2024-01-16 01:51:24
ORD-0488,CUST-5973,PROD-126,Desk Lamp,Home,5,22.59,112.95,confirmed,BR,2024-01-16 04:52:32
ORD-0489,CUST-8312,PROD-202,Monitor Light Bar,Electronics,5,40.19,200.95,confirmed,SG,2024-01-16 09:56:39
ORD-0490,CUST-3865,PROD-072,Trail Boots,Footwear,2,54.06,108.12,confirmed,JP,2024-01-16 22:23:00
ORD-0491,CUST-0156,PROD-250,Wireless Headphones,Electronics,1,77.99,77.99,delivered,SE,2024-01-16 01:35:39
ORD-0492,CUST-2174,PROD-003,USB-C Hub,Electronics,1,173.23,173.23,shipped,SE,2024-01-16 12:42:00
ORD-0493,CUST-5967,PROD-486,Sandals,Footwear,2,51.93,103.86,pending,SE,2024-01-16 14:24:06
ORD-0494,CUST-2313,PROD-343,Sticky Notes Pack,Office,1,11.03,11.03,confirmed,FR,2024-01-16 04:43:14
ORD-0495,CUST-6803,PROD-400,Desk Lamp,Home,5,126.59,632.95,cancelled,DE,2024-01-16 09:26:15
ORD-0496,CUST-2864,PROD-414,Insulated Tumbler,Kitchen,3,70.29,210.87,delivered,KR,2024-01-15 22:28:00
ORD-0497,CUST-2895,PROD-108,Blender,Kitchen,5,10.59,52.95,pending,CA,2024-01-16 04:01:05
ORD-0498,CUST-2293,PROD-328,Wireless Headphones,Electronics,1,106.71,106.71,confirmed,JP,2024-01-16 14:50:54
ORD-0499,CUST-6558,PROD-289,Trail Boots,Footwear,2,105.5,211.0,shipped,GB,2024-01-16 18:55:48
ORD-0500,CUST-8829,PROD-251,Casual Sneakers,Footwear,3,87.12,261.36,pending,US,2024-01-17 01:06:40
ORD-0501,CUST-7398,PROD-346,Throw Blanket,Home,4,59.35,237.4,shipped,DE,2024-01-16 16:08:51
ORD-0502,CUST-4715,PROD-312,Air Purifier,Home,4,28.51,114.04,delivered,KR,2024-01-16 13:00:16
ORD-0503,CUST-1826,PROD-423,Notebook Set,Office,5,20.86,104.3,pending,CA,2024-01-17 01:13:05
ORD-0504,CUST-8179,PROD-386,Water Bottle,Sports,5,52.14,260.7,shipped,SE,2024-01-16 14:14:24
ORD-0505,CUST-3260,PROD-241,Desk Lamp,Home,3,156.55,469.65,confirmed,SG,2024-01-16 03:38:20
ORD-0506,CUST-5924,PROD-025,Notebook Set,Office,4,23.8,95.2,confirmed,US,2024-01-15 22:45:30
ORD-0507,CUST-7825,PROD-259,Insulated Tumbler,Kitchen,5,63.18,315.9,delivered,NL,2024-01-16 20:03:12
ORD-0508,CUST-3234,PROD-045,Coffee Maker,Kitchen,1,61.24,61.24,pending,KR,2024-01-16 04:10:44
ORD-0509,CUST-4786,PROD-267,Jump Rope,Sports,5,71.26,356.3,delivered,GB,2024-01-16 20:20:13
ORD-0510,CUST-9200,PROD-061,Sandals,Footwear,2,59.56,119.12,confirmed,SG,2024-01-16 20:16:00
ORD-0511,CUST-6989,PROD-238,Casual Sneakers,Footwear,3,49.79,149.37,delivered,GB,2024-01-16 09:15:58
ORD-0512,CUST-5962,PROD-035,Mechanical Keyboard,Electronics,5,42.46,212.3,delivered,DE,2024-01-16 22:15:28
ORD-0513,CUST-4731,PROD-481,Coffee Maker,Kitchen,1,56.11,56.11,pending,GB,2024-01-16 11:55:48
ORD-0514,CUST-8729,PROD-493,Trail Boots,Footwear,3,118.7,356.1,pending,JP,2024-01-16 10:07:42
ORD-0515,CUST-2861,PROD-350,Insulated Tumbler,Kitchen,4,31.9,127.6,confirmed,FR,2024-01-15 21:09:40
ORD-0516,CUST-7840,PROD-013,Wireless Headphones,Electronics,2,168.4,336.8,pending,NL,2024-01-16 05:30:00
ORD-0517,CUST-6935,PROD-070,Sandals,Footwear,3,47.09,141.27,confirmed,GB,2024-01-16 20:11:24
ORD-0518,CUST-0624,PROD-343,Wireless Mouse,Electronics,3,28.53,85.59,delivered,DE,2024-01-16 02:50:58
ORD-0519,CUST-2944,PROD-276,Wireless Mouse,Electronics,5,61.2,306.0,pending,CA,2024-01-16 23:21:27
ORD-0520,CUST-4778,PROD-487,Trail Boots,Footwear,2,70.4,140.8,shipped,NL,2024-01-16 06:58:00
ORD-0521,CUST-8286,PROD-491,Water Bottle,Sports,4,25.66,102.64,confirmed,SG,2024-01-16 05:16:27
ORD-0522,CUST-1211,PROD-067,Sticky Notes Pack,Office,4,32.19,128.76,confirmed,DE,2024-01-16 17:12:18
ORD-0523,CUST-3534,PROD-259,Jump Rope,Sports,3,19.17,57.51,confirmed,JP,2024-01-15 21:21:56
ORD-0524,CUST-4980,PROD-303,Desk Lamp,Home,2,155.69,311.38,shipped,NL,2024-01-16 10:55:40
ORD-0525,CUST-2625,PROD-266,Coffee Maker,Kitchen,5,48.4,242.0,confirmed,GB,2024-01-16 19:52:30
ORD-0526,CUST-1576,PROD-341,Bluetooth Speaker,Electronics,3,196.17,588.51,delivered,US,2024-01-16 05:37:28
ORD-0527,CUST-1558,PROD-167,Laptop Stand,Office,3,50.93,152.79,confirmed,GB,2024-01-17 03:28:39
ORD-0528,CUST-6856,PROD-034,Wireless Headphones,Electronics,2,106.37,212.74,delivered,JP,2024-01-16 04:05:36
ORD-0529,CUST-2135,PROD-355,Air Purifier,Home,1,142.48,142.48,delivered,US,2024-01-16 12:48:04
ORD-0530,CUST-1331,PROD-294,Mechanical Keyboard,Electronics,4,89.8,359.2,shipped,AU,2024-01-15 23:09:50
ORD-0531,CUST-9089,PROD-338,Bluetooth Speaker,Electronics,1,169.2,169.2,shipped,SE,2024-01-16 07:27:09
ORD-0532,CUST-8002,PROD-022,Throw Blanket,Home,2,17.35,34.7,shipped,KR,2024-01-16 11:38:04
ORD-0533,CUST-5046,PROD-101,Jump Rope,Sports,4,47.73,190.92,delivered,BR,2024-01-16 21:09:43
ORD-0534,CUST-8182,PROD-495,Jump Rope,Sports,3,65.2,195.6,pending,DE,2024-01-16 10:06:24
ORD-0535,CUST-8313,PROD-042,Laptop Stand,Office,3,34.07,102.21,pending,US,2024-01-16 01:23:15
ORD-0536,CUST-8947,PROD-148,Sticky Notes Pack,Office,3,51.59,154.77,confirmed,CA,2024-01-16 03:39:12
ORD-0537,CUST-4297,PROD-023,Blender,Kitchen,2,46.76,93.52,confirmed,KR,2024-01-17 03:06:33
ORD-0538,CUST-2276,PROD-314,Foam Roller,Sports,4,77.3,309.2,shipped,NL,2024-01-16 22:06:30
ORD-0539,CUST-7630,PROD-341,Monitor Light Bar,Electronics,2,119.76,239.52,delivered,NL,2024-01-16 04:57:40
ORD-0540,CUST-7466,PROD-295,Standing Desk Mat,Office,3,5.52,16.56,shipped,CA,2024-01-16 11:09:00
ORD-0541,CUST-6990,PROD-142,Standing Desk Mat,Office,4,37.44,149.76,delivered,US,2024-01-16 08:20:42
ORD-0542,CUST-8902,PROD-414,Desk Lamp,Home,2,67.4,134.8,confirmed,KR,2024-01-16 19:40:54
ORD-0543,CUST-2727,PROD-075,Sticky Notes Pack,Office,3,51.07,153.21,confirmed,AU,2024-01-16 16:43:51
ORD-0544,CUST-8594,PROD-452,Desk Lamp,Home,5,95.26,476.3,shipped,NL,2024-01-16 07:25:20
ORD-0545,CUST-6457,PROD-351,Yoga Mat,Sports,5,11.68,58.4,shipped,GB,2024-01-16 05:29:50
ORD-0546,CUST-8124,PROD-343,Desk Lamp,Home,1,24.57,24.57,pending,SE,2024-01-16 20:24:00
ORD-0547,CUST-9525,PROD-371,Casual Sneakers,Footwear,3,45.05,135.15,delivered,SE,2024-01-16 12:52:10
ORD-0548,CUST-2438,PROD-446,Insulated Tumbler,Kitchen,1,90.03,90.03,shipped,BR,2024-01-16 15:21:28
ORD-0549,CUST-7372,PROD-402,Wireless Mouse,Electronics,3,160.38,481.14,confirmed,KR,2024-01-16 05:39:18
ORD-0550,CUST-4257,PROD-102,Wall Clock,Home,2,76.74,153.48,delivered,GB,2024-01-17 01:42:30
ORD-0551,CUST-3883,PROD-123,Blender,Kitchen,5,137.11,685.55,confirmed,CA,2024-01-17 05:55:00
ORD-0552,CUST-9152,PROD-240,Desk Lamp,Home,5,46.79,233.95,shipped,KR,2024-01-16 15:53:36
ORD-0553,CUST-1641,PROD-163,Ceramic Mug,Kitchen,3,52.23,156.69,delivered,KR,2024-01-17 01:28:30
ORD-0554,CUST-8892,PROD-347,Ceramic Mug,Kitchen,2,127.93,255.86,shipped,BR,2024-01-16 04:46:30
ORD-0555,CUST-7277,PROD-177,Standing Desk Mat,Office,5,13.46,67.3,delivered,CA,2024-01-16 08:58:30
ORD-0556,CUST-2029,PROD-339,Bluetooth Speaker,Electronics,4,50.67,202.68,delivered,JP,2024-01-17 04:01:00
ORD-0557,CUST-6061,PROD-065,Water Bottle,Sports,5,74.89,374.45,pending,CA,2024-01-16 23:08:41
ORD-0558,CUST-5805,PROD-359,Notebook Set,Office,1,14.49,14.49,delivered,US,2024-01-15 22:15:36
ORD-0559,CUST-8247,PROD-285,Blender,Kitchen,4,138.6,554.4,confirmed,CA,2024-01-15 23:40:59
ORD-0560,CUST-4710,PROD-122,Water Bottle,Sports,4,53.69,214.76,shipped,KR,2024-01-16 01:16:00
ORD-0561,CUST-9752,PROD-012,Running Shoes,Footwear,5,55.2,276.0,confirmed,KR,2024-01-16 15:47:24
ORD-0562,CUST-8950,PROD-185,Desk Lamp,Home,2,38.36,76.72,delivered,GB,2024-01-16 21:56:06
ORD-0563,CUST-5568,PROD-468,Ceramic Mug,Kitchen,5,42.91,214.55,delivered,SE,2024-01-16 23:43:22
ORD-0564,CUST-0217,PROD-399,Sandals,Footwear,1,94.87,94.87,shipped,FR,2024-01-16 18:56:12
ORD-0565,CUST-8704,PROD-422,Noise-Cancelling Earbuds,Electronics,3,55.39,166.17,confirmed,GB,2024-01-16 18:50:30
ORD-0566,CUST-5913,PROD-129,Desk Lamp,Home,1,101.53,101.53,delivered,CA,2024-01-16 13:05:10
ORD-0567,CUST-7649,PROD-395,Air Purifier,Home,1,152.61,152.61,shipped,US,2024-01-16 06:59:42
ORD-0568,CUST-7592,PROD-117,Foam Roller,Sports,1,18.98,18.98,confirmed,KR,2024-01-16 23:17:12
ORD-0569,CUST-3850,PROD-231,Running Shoes,Footwear,1,67.35,67.35,pending,CA,2024-01-16 10:04:45
ORD-0570,CUST-1137,PROD-220,Yoga Mat,Sports,2,28.75,57.5,shipped,NL,2024-01-16 11:04:30
ORD-0571,CUST-4148,PROD-003,Trail Boots,Footwear,2,86.01,172.02,confirmed,AU,2024-01-15 23:04:05
ORD-0572,CUST-0465,PROD-104,Foam Roller,Sports,5,40.36,201.8,delivered,DE,2024-01-16 23:05:12
ORD-0573,CUST-0006,PROD-091,Yoga Mat,Sports,2,66.32,132.64,cancelled,KR,2024-01-17 03:55:48
ORD-0574,CUST-8032,PROD-467,Wall Clock,Home,3,117.74,353.22,confirmed,AU,2024-01-16 10:08:56
ORD-0575,CUST-7146,PROD-065,Air Purifier,Home,4,128.98,515.92,confirmed,CA,2024-01-16 08:16:40
ORD-0576,CUST-8272,PROD-478,Casual Sneakers,Footwear,1,94.91,94.91,delivered,FR,2024-01-16 13:55:12
ORD-0577,CUST-4786,PROD-364,Bluetooth Speaker,Electronics,4,172.28,689.12,delivered,CA,2024-01-16 16:22:34
ORD-0578,CUST-9168,PROD-097,Blender,Kitchen,4,74.86,299.44,delivered,FR,2024-01-16 03:16:00
ORD-0579,CUST-7491,PROD-178,USB-C Hub,Electronics,5,155.16,775.8,pending,US,2024-01-16 22:16:42
ORD-0580,CUST-2946,PROD-354,Yoga Mat,Sports,5,60.73,303.65,cancelled,AU,2024-01-17 07:22:00
ORD-0581,CUST-4112,PROD-136,Wall Clock,Home,2,105.48,210.96,confirmed,CA,2024-01-15 23:39:17
ORD-0582,CUST-5542,PROD-188,Wall Clock,Home,3,132.63,397.89,confirmed,FR,2024-01-17 01:32:54
ORD-0583,CUST-5424,PROD-429,Sandals,Footwear,5,60.48,302.4,shipped,SG,2024-01-17 07:17:16
ORD-0584,CUST-1758,PROD-379,Wireless Headphones,Electronics,4,196.11,784.44,confirmed,DE,2024-01-16 21:38:08
ORD-0585,CUST-2121,PROD-341,Sticky Notes Pack,Office,4,48.14,192.56,shipped,GB,2024-01-16 19:06:00
ORD-0586,CUST-5672,PROD-238,Water Bottle,Sports,4,26.46,105.84,pending,US,2024-01-17 08:20:42
ORD-0587,CUST-9288,PROD-006,Sticky Notes Pack,Office,2,58.81,117.62,confirmed,FR,2024-01-16 21:30:10
ORD-0588,CUST-5126,PROD-090,Coffee Maker,Kitchen,2,37.61,75.22,pending,FR,2024-01-17 04:35:24
ORD-0589,CUST-8527,PROD-026,Laptop Stand,Office,1,44.62,44.62,shipped,US,2024-01-17 04:20:19
ORD-0590,CUST-8781,PROD-397,Running Shoes,Footwear,5,57.54,287.7,confirmed,KR,2024-01-16 09:34:00
ORD-0591,CUST-7387,PROD-251,Air Purifier,Home,3,110.05,330.15,confirmed,SG,2024-01-16 15:21:21
ORD-0592,CUST-1725,PROD-139,Coffee Maker,Kitchen,1,45.89,45.89,pending,US,2024-01-16 14:54:56
ORD-0593,CUST-7267,PROD-122,Blender,Kitchen,1,70.53,70.53,shipped,SG,2024-01-16 21:43:17
ORD-0594,CUST-7033,PROD-472,Bluetooth Speaker,Electronics,3,52.62,157.86,cancelled,JP,2024-01-16 02:09:00
ORD-0595,CUST-3714,PROD-496,Notebook Set,Office,1,54.97,54.97,shipped,GB,2024-01-15 23:42:05
ORD-0596,CUST-5845,PROD-055,Blender,Kitchen,1,91.93,91.93,confirmed,SG,2024-01-16 22:54:20
ORD-0597,CUST-3773,PROD-421,Sticky Notes Pack,Office,4,16.7,66.8,pending,JP,2024-01-16 19:59:09
ORD-0598,CUST-2321,PROD-269,Coffee Maker,Kitchen,3,38.09,114.27,shipped,SE,2024-01-16 07:15:20
ORD-0599,CUST-5933,PROD-347,Trail Boots,Footwear,2,55.01,110.02,confirmed,US,2024-01-16 10:07:23
ORD-0600,CUST-4995,PROD-414,Insulated Tumbler,Kitchen,4,143.26,573.04,shipped,JP,2024-01-16 17:40:00
ORD-0601,CUST-4552,PROD-281,Water Bottle,Sports,2,18.02,36.04,shipped,BR,2024-01-16 18:03:24
ORD-0602,CUST-2290,PROD-238,Bluetooth Speaker,Electronics,4,28.51,114.04,delivered,SE,2024-01-16 08:24:52
ORD-0603,CUST-4698,PROD-394,Sandals,Footwear,1,114.13,114.13,pending,SE,2024-01-17 01:22:21
ORD-0604,CUST-4802,PROD-179,Sticky Notes Pack,Office,1,19.66,19.66,delivered,GB,2024-01-17 05:07:56
ORD-0605,CUST-9593,PROD-242,Foam Roller,Sports,4,18.64,74.56,delivered,CA,2024-01-16 06:51:20
ORD-0606,CUST-0292,PROD-142,Trail Boots,Footwear,1,113.13,113.13,confirmed,KR,2024-01-16 23:53:42
ORD-0607,CUST-1697,PROD-463,Sticky Notes Pack,Office,2,47.12,94.24,shipped,SG,2024-01-16 11:49:15
ORD-0608,CUST-1332,PROD-136,Sandals,Footwear,5,56.59,282.95,shipped,DE,2024-01-17 02:03:12
ORD-0609,CUST-2933,PROD-302,Resistance Bands,Sports,5,46.85,234.25,confirmed,DE,2024-01-16 00:44:51
ORD-0610,CUST-9146,PROD-195,Resistance Bands,Sports,2,36.77,73.54,confirmed,SG,2024-01-17 02:52:10
ORD-0611,CUST-9837,PROD-017,Trail Boots,Footwear,4,54.77,219.08,confirmed,GB,2024-01-16 22:01:04
ORD-0612,CUST-0392,PROD-267,Desk Lamp,Home,2,116.61,233.22,confirmed,CA,2024-01-17 08:27:00
ORD-0613,CUST-2522,PROD-262,Resistance Bands,Sports,2,73.34,146.68,pending,KR,2024-01-17 08:41:58
ORD-0614,CUST-9378,PROD-035,Wireless Headphones,Electronics,1,94.71,94.71,delivered,FR,2024-01-16 17:35:58
ORD-0615,CUST-6126,PROD-115,Trail Boots,Footwear,1,79.57,79.57,confirmed,AU,2024-01-16 23:17:30
ORD-0616,CUST-5448,PROD-001,Monitor Light Bar,Electronics,2,91.19,182.38,delivered,SE,2024-01-16 05:02:48
ORD-0617,CUST-6211,PROD-431,Blender,Kitchen,1,105.97,105.97,confirmed,AU,2024-01-16 10:23:38
ORD-0618,CUST-3309,PROD-051,USB-C Hub,Electronics,2,61.52,123.04,confirmed,AU,2024-01-16 14:33:24
ORD-0619,CUST-3213,PROD-129,Ceramic Mug,Kitchen,4,143.96,575.84,delivered,SG,2024-01-17 10:12:28
ORD-0620,CUST-5025,PROD-163,USB-C Hub,Electronics,4,146.36,585.44,shipped,AU,2024-01-17 06:09:20
ORD-0621,CUST-3720,PROD-219,Sandals,Footwear,2,71.8,143.6,confirmed,CA,2024-01-16 14:00:54
ORD-0622,CUST-5426,PROD-478,Ceramic Mug,Kitchen,5,124.05,620.25,confirmed,JP,2024-01-17 02:09:28
ORD-0623,CUST-1241,PROD-196,Desk Lamp,Home,2,36.28,72.56,confirmed,GB,2024-01-17 07:14:39
ORD-0624,CUST-0365,PROD-132,Foam Roller,Sports,5,54.39,271.95,shipped,CA,2024-01-17 03:30:24
ORD-0625,CUST-7851,PROD-350,Wall Clock,Home,1,156.09,156.09,cancelled,BR,2024-01-17 07:02:55
ORD-0626,CUST-4232,PROD-275,Notebook Set,Office,2,48.86,97.72,confirmed,JP,2024-01-16 17:44:04
ORD-0627,CUST-7465,PROD-412,Jump Rope,Sports,5,63.62,318.1,shipped,CA,2024-01-16 17:36:51
ORD-0628,CUST-5884,PROD-495,Noise-Cancelling Earbuds,Electronics,1,133.37,133.37,pending,SE,2024-01-16 10:51:52
ORD-0629,CUST-5914,PROD-010,Jump Rope,Sports,1,24.13,24.13,confirmed,DE,2024-01-16 04:58:00
ORD-0630,CUST-9680,PROD-342,Jump Rope,Sports,3,49.72,149.16,pending,BR,2024-01-17 08:28:30
ORD-0631,CUST-0768,PROD-055,Coffee Maker,Kitchen,4,105.27,421.08,cancelled,SE,2024-01-16 21:20:03
ORD-0632,CUST-4073,PROD-105,Throw Blanket,Home,1,151.49,151.49,delivered,CA,2024-01-16 22:05:44
ORD-0633,CUST-8144,PROD-107,Coffee Maker,Kitchen,3,72.16,216.48,pending,FR,2024-01-16 05:58:45
ORD-0634,CUST-2253,PROD-367,Noise-Cancelling Earbuds,Electronics,4,84.72,338.88,shipped,US,2024-01-16 05:39:42
ORD-0635,CUST-6019,PROD-472,Laptop Stand,Office,1,11.9,11.9,cancelled,KR,2024-01-17 11:40:55
ORD-0636,CUST-3488,PROD-245,Ceramic Mug,Kitchen,2,120.74,241.48,shipped,CA,2024-01-16 08:33:24
ORD-0637,CUST-2830,PROD-017,Water Bottle,Sports,1,35.33,35.33,confirmed,SG,2024-01-16 19:12:43
ORD-0638,CUST-6704,PROD-441,Air Purifier,Home,5,106.48,532.4,delivered,GB,2024-01-16 03:50:56
ORD-0639,CUST-8506,PROD-105,Jump Rope,Sports,2,79.31,158.62,cancelled,DE,2024-01-16 10:05:33
ORD-0640,CUST-5743,PROD-444,Ceramic Mug,Kitchen,3,120.85,362.55,shipped,SE,2024-01-17 02:50:40
ORD-0641,CUST-4537,PROD-144,Mechanical Keyboard,Electronics,1,133.56,133.56,delivered,NL,2024-01-16 00:22:52
ORD-0642,CUST-5352,PROD-471,Monitor Light Bar,Electronics,4,191.97,767.88,delivered,FR,2024-01-16 12:53:24
ORD-0643,CUST-5021,PROD-094,Jump Rope,Sports,3,27.47,82.41,delivered,JP,2024-01-17 03:45:35
ORD-0644,CUST-0498,PROD-129,Desk Lamp,Home,2,129.45,258.9,confirmed,JP,2024-01-17 09:33:08
ORD-0645,CUST-9867,PROD-444,Insulated Tumbler,Kitchen,1,75.99,75.99,confirmed,SG,2024-01-16 11:46:15
ORD-0646,CUST-3326,PROD-052,Monitor Light Bar,Electronics,5,109.63,548.15,delivered,GB,2024-01-17 00:11:44
ORD-0647,CUST-2570,PROD-257,Notebook Set,Office,1,55.57,55.57,shipped,US,2024-01-16 12:02:12
ORD-0648,CUST-8453,PROD-364,Notebook Set,Office,2,11.47,22.94,shipped,KR,2024-01-16 07:02:24
ORD-0649,CUST-2080,PROD-028,Standing Desk Mat,Office,3,51.22,153.66,confirmed,CA,2024-01-17 01:49:28
ORD-0650,CUST-4773,PROD-216,Insulated Tumbler,Kitchen,2,70.58,141.16,shipped,US,2024-01-17 10:55:00
ORD-0651,CUST-4050,PROD-120,Water Bottle,Sports,2,27.61,55.22,delivered,KR,2024-01-17 08:49:30
ORD-0652,CUST-8213,PROD-225,Insulated Tumbler,Kitchen,1,79.28,79.28,confirmed,NL,2024-01-16 16:57:44
ORD-0653,CUST-7042,PROD-160,USB-C Hub,Electronics,1,150.05,150.05,delivered,AU,2024-01-16 03:35:24
ORD-0654,CUST-2760,PROD-241,Laptop Stand,Office,2,8.64,17.28,shipped,SG,2024-01-16 04:09:54
ORD-0655,CUST-1525,PROD-353,Wireless Mouse,Electronics,3,117.47,352.41,delivered,BR,2024-01-16 18:34:10
ORD-0656,CUST-9255,PROD-115,Notebook Set,Office,5,7.58,37.9,confirmed,KR,2024-01-16 16:48:00
ORD-0657,CUST-0707,PROD-288,Notebook Set,Office,3,36.59,109.77,cancelled,SE,2024-01-17 10:44:06
ORD-0658,CUST-4616,PROD-137,Noise-Cancelling Earbuds,Electronics,3,178.78,536.34,shipped,BR,2024-01-17 12:38:24
ORD-0659,CUST-4847,PROD-262,Ceramic Mug,Kitchen,1,86.06,86.06,confirmed,SE,2024-01-17 04:28:57
ORD-0660,CUST-8886,PROD-235,Running Shoes,Footwear,5,77.28,386.4,delivered,NL,2024-01-16 20:51:00
ORD-0661,CUST-1432,PROD-441,Yoga Mat,Sports,1,52.75,52.75,shipped,BR,2024-01-16 14:17:45
ORD-0662,CUST-3193,PROD-307,Water Bottle,Sports,3,68.96,206.88,delivered,US,2024-01-16 22:37:00
ORD-0663,CUST-0931,PROD-305,Notebook Set,Office,1,21.01,21.01,shipped,DE,2024-01-16 20:50:00
ORD-0664,CUST-5403,PROD-457,Desk Lamp,Home,2,119.35,238.7,delivered,BR,2024-01-17 07:35:12
ORD-0665,CUST-2568,PROD-380,Scented Candle,Home,3,114.86,344.58,confirmed,US,2024-01-16 01:55:05
ORD-0666,CUST-7069,PROD-459,Standing Desk Mat,Office,5,39.39,196.95,shipped,DE,2024-01-16 21:00:00
ORD-0667,CUST-6428,PROD-018,Insulated Tumbler,Kitchen,5,114.67,573.35,pending,JP,2024-01-16 20:29:59
ORD-0668,CUST-4468,PROD-298,Ceramic Mug,Kitchen,5,53.44,267.2,pending,GB,2024-01-16 15:32:40
ORD-0669,CUST-6895,PROD-278,Ceramic Mug,Kitchen,2,39.91,79.82,pending,DE,2024-01-16 20:47:42
ORD-0670,CUST-2067,PROD-265,Resistance Bands,Sports,4,64.8,259.2,confirmed,KR,2024-01-17 12:51:20
ORD-0671,CUST-9911,PROD-385,Air Purifier,Home,4,153.21,612.84,pending,GB,2024-01-16 11:57:30
ORD-0672,CUST-0872,PROD-112,Laptop Stand,Office,5,16.48,82.4,shipped,SG,2024-01-16 01:21:36
ORD-0673,CUST-8264,PROD-224,Mechanical Keyboard,Electronics,2,165.74,331.48,pending,NL,2024-01-16 05:52:21
ORD-0674,CUST-0042,PROD-033,Sticky Notes Pack,Office,3,49.08,147.24,cancelled,JP,2024-01-16 12:27:28
ORD-0675,CUST-3423,PROD-321,Ceramic Mug,Kitchen,4,144.22,576.88,shipped,BR,2024-01-16 09:52:30
ORD-0676,CUST-1379,PROD-497,Yoga Mat,Sports,5,23.76,118.8,delivered,FR,2024-01-16 19:06:52
ORD-0677,CUST-5991,PROD-132,Scented Candle,Home,3,19.08,57.24,shipped,AU,2024-01-16 16:09:27
ORD-0678,CUST-0859,PROD-042,Standing Desk Mat,Office,3,15.38,46.14,shipped,BR,2024-01-16 12:37:36
ORD-0679,CUST-3623,PROD-016,Scented Candle,Home,4,158.6,634.4,pending,AU,2024-01-16 06:15:22
ORD-0680,CUST-4313,PROD-422,Blender,Kitchen,4,76.18,304.72,shipped,FR,2024-01-16 03:27:20
ORD-0681,CUST-5222,PROD-215,Sandals,Footwear,3,116.59,349.77,shipped,BR,2024-01-17 03:53:12
ORD-0682,CUST-0815,PROD-167,Wireless Headphones,Electronics,1,72.09,72.09,shipped,GB,2024-01-17 01:40:40
ORD-0683,CUST-8746,PROD-060,Coffee Maker,Kitchen,2,101.33,202.66,pending,CA,2024-01-16 20:59:45
ORD-0684,CUST-1474,PROD-206,Standing Desk Mat,Office,4,27.72,110.88,shipped,NL,2024-01-16 15:43:48
ORD-0685,CUST-4735,PROD-020,Resistance Bands,Sports,1,67.03,67.03,shipped,GB,2024-01-16 13:41:00
ORD-0686,CUST-3272,PROD-200,Ceramic Mug,Kitchen,3,37.72,113.16,confirmed,SE,2024-01-16 08:23:28
ORD-0687,CUST-0175,PROD-126,Sticky Notes Pack,Office,1,17.07,17.07,shipped,DE,2024-01-16 07:28:21
ORD-0688,CUST-1509,PROD-301,Casual Sneakers,Footwear,2,82.86,165.72,confirmed,NL,2024-01-17 01:51:12
ORD-0689,CUST-7649,PROD-381,Coffee Maker,Kitchen,5,8.07,40.35,shipped,US,2024-01-16 21:42:13
ORD-0690,CUST-9694,PROD-267,Sandals,Footwear,5,97.05,485.25,cancelled,SG,2024-01-16 13:08:00
ORD-0691,CUST-3232,PROD-010,Running Shoes,Footwear,1,52.89,52.89,confirmed,CA,2024-01-16 22:00:18
ORD-0692,CUST-5365,PROD-130,Casual Sneakers,Footwear,3,62.73,188.19,pending,JP,2024-01-16 09:45:28
ORD-0693,CUST-5391,PROD-242,Sandals,Footwear,2,63.96,127.92,confirmed,DE,2024-01-16 14:13:21
ORD-0694,CUST-2575,PROD-124,Resistance Bands,Sports,5,14.95,74.75,shipped,SG,2024-01-16 14:39:06
ORD-0695,CUST-8383,PROD-048,Sticky Notes Pack,Office,4,18.18,72.72,shipped,AU,2024-01-17 13:28:35
ORD-0696,CUST-5704,PROD-098,Running Shoes,Footwear,1,94.66,94.66,pending,AU,2024-01-17 15:40:48
ORD-0697,CUST-9272,PROD-124,Air Purifier,Home,5,132.11,660.55,delivered,JP,2024-01-16 12:16:02
ORD-0698,CUST-9838,PROD-372,Throw Blanket,Home,2,152.68,305.36,delivered,JP,2024-01-16 16:22:46
ORD-0699,CUST-1583,PROD-002,Casual Sneakers,Footwear,1,89.37,89.37,confirmed,BR,2024-01-16 05:21:30
ORD-0700,CUST-5086,PROD-447,Sandals,Footwear,2,86.34,172.68,shipped,SE,2024-01-16 16:16:40
ORD-0701,CUST-6782,PROD-418,Wireless Mouse,Electronics,4,152.85,611.4,shipped,GB,2024-01-16 11:50:43
ORD-0702,CUST-7679,PROD-127,Wireless Headphones,Electronics,4,180.64,722.56,confirmed,AU,2024-01-16 07:47:24
ORD-0703,CUST-8543,PROD-395,Monitor Light Bar,Electronics,4,56.24,224.96,delivered,JP,2024-01-16 19:44:09
ORD-0704,CUST-9484,PROD-192,Scented Candle,Home,3,76.73,230.19,confirmed,SE,2024-01-17 05:10:24
ORD-0705,CUST-1699,PROD-364,Coffee Maker,Kitchen,1,70.66,70.66,confirmed,SG,2024-01-16 03:46:45
ORD-0706,CUST-2281,PROD-449,Casual Sneakers,Footwear,1,65.41,65.41,confirmed,CA,2024-01-16 02:14:18
ORD-0707,CUST-5293,PROD-074,Blender,Kitchen,5,37.56,187.8,pending,DE,2024-01-17 11:50:48
ORD-0708,CUST-5707,PROD-206,Blender,Kitchen,1,69.17,69.17,delivered,KR,2024-01-17 02:52:24
ORD-0709,CUST-4530,PROD-417,Notebook Set,Office,4,55.03,220.12,confirmed,DE,2024-01-17 01:56:57
ORD-0710,CUST-2386,PROD-499,Wireless Headphones,Electronics,1,135.13,135.13,confirmed,AU,2024-01-17 12:04:00
ORD-0711,CUST-0137,PROD-051,Standing Desk Mat,Office,5,23.09,115.45,confirmed,US,2024-01-16 04:20:33
ORD-0712,CUST-2624,PROD-104,Mechanical Keyboard,Electronics,1,51.4,51.4,shipped,AU,2024-01-17 18:56:16
ORD-0713,CUST-9615,PROD-026,Insulated Tumbler,Kitchen,2,115.94,231.88,shipped,SE,2024-01-17 15:15:27
ORD-0714,CUST-5637,PROD-057,Yoga Mat,Sports,1,21.69,21.69,confirmed,DE,2024-01-16 05:01:24
ORD-0715,CUST-4575,PROD-121,Wireless Mouse,Electronics,2,140.78,281.56,shipped,DE,2024-01-16 18:45:25
ORD-0716,CUST-3593,PROD-041,Yoga Mat,Sports,5,59.98,299.9,shipped,SG,2024-01-17 07:08:12
ORD-0717,CUST-7582,PROD-113,Notebook Set,Office,3,25.85,77.55,confirmed,NL,2024-01-16 14:04:27
ORD-0718,CUST-5846,PROD-424,Scented Candle,Home,3,136.69,410.07,shipped,GB,2024-01-16 10:07:38
ORD-0719,CUST-4716,PROD-142,Resistance Bands,Sports,4,68.6,274.4,shipped,GB,2024-01-17 18:19:08
ORD-0720,CUST-3155,PROD-081,Standing Desk Mat,Office,5,49.18,245.9,confirmed,NL,2024-01-17 17:00:00
ORD-0721,CUST-4980,PROD-398,Casual Sneakers,Footwear,2,61.97,123.94,pending,US,2024-01-16 16:26:42
ORD-0722,CUST-8201,PROD-351,Sandals,Footwear,3,57.06,171.18,cancelled,US,2024-01-17 13:44:56
ORD-0723,CUST-2084,PROD-495,Resistance Bands,Sports,3,42.76,128.28,shipped,AU,2024-01-17 03:10:45
ORD-0724,CUST-2330,PROD-090,Coffee Maker,Kitchen,2,113.92,227.84,delivered,BR,2024-01-17 17:19:00
ORD-0725,CUST-3594,PROD-093,Resistance Bands,Sports,2,65.75,131.5,shipped,US,2024-01-16 22:40:00
ORD-0726,CUST-9263,PROD-185,Wireless Mouse,Electronics,4,115.53,462.12,pending,KR,2024-01-16 02:09:00
ORD-0727,CUST-3990,PROD-016,Bluetooth Speaker,Electronics,3,46.01,138.03,pending,KR,2024-01-16 18:56:11
ORD-0728,CUST-8657,PROD-182,Laptop Stand,Office,2,30.15,60.3,confirmed,NL,2024-01-17 18:38:40
ORD-0729,CUST-5186,PROD-330,Monitor Light Bar,Electronics,4,56.16,224.64,shipped,BR,2024-01-17 12:26:51
ORD-0730,CUST-7925,PROD-067,Monitor Light Bar,Electronics,3,36.8,110.4,delivered,SE,2024-01-16 11:22:30
ORD-0731,CUST-1803,PROD-081,Yoga Mat,Sports,3,31.35,94.05,pending,SE,2024-01-16 08:34:11
ORD-0732,CUST-8170,PROD-403,Yoga Mat,Sports,5,23.36,116.8,pending,BR,2024-01-16 09:25:00
ORD-0733,CUST-7279,PROD-130,Wall Clock,Home,2,35.07,70.14,confirmed,SE,2024-01-16 09:39:18
ORD-0734,CUST-7795,PROD-275,Water Bottle,Sports,4,79.11,316.44,pending,DE,2024-01-16 23:57:44
ORD-0735,CUST-1417,PROD-091,Running Shoes,Footwear,1,85.31,85.31,delivered,SG,2024-01-16 15:51:00
ORD-0736,CUST-8937,PROD-065,Insulated Tumbler,Kitchen,3,136.18,408.54,delivered,CA,2024-01-16 10:34:40
ORD-0737,CUST-7847,PROD-128,Blender,Kitchen,5,20.74,103.7,shipped,CA,2024-01-16 19:12:44
ORD-0738,CUST-4884,PROD-200,Running Shoes,Footwear,5,76.52,382.6,confirmed,DE,2024-01-16 22:20:06
ORD-0739,CUST-2240,PROD-424,Sticky Notes Pack,Office,4,56.27,225.08,confirmed,US,2024-01-16 06:47:09
ORD-0740,CUST-5429,PROD-481,Air Purifier,Home,3,58.76,176.28,confirmed,CA,2024-01-16 21:37:00
ORD-0741,CUST-1529,PROD-498,Casual Sneakers,Footwear,5,90.41,452.05,confirmed,JP,2024-01-17 15:22:09
ORD-0742,CUST-9550,PROD-008,Coffee Maker,Kitchen,1,104.39,104.39,pending,BR,2024-01-16 19:51:48
ORD-0743,CUST-8440,PROD-149,Insulated Tumbler,Kitchen,5,77.6,388.0,cancelled,DE,2024-01-17 02:30:58
ORD-0744,CUST-0825,PROD-344,USB-C Hub,Electronics,1,94.78,94.78,delivered,BR,2024-01-17 21:35:12
ORD-0745,CUST-7227,PROD-447,Ceramic Mug,Kitchen,2,44.77,89.54,delivered,US,2024-01-17 08:00:40
ORD-0746,CUST-6026,PROD-219,Throw Blanket,Home,5,126.57,632.85,delivered,SG,2024-01-16 19:26:06
ORD-0747,CUST-6898,PROD-479,Throw Blanket,Home,2,126.38,252.76,shipped,US,2024-01-16 06:37:03
ORD-0748,CUST-6238,PROD-414,Standing Desk Mat,Office,1,7.76,7.76,confirmed,SG,2024-01-16 11:38:04
ORD-0749,CUST-8018,PROD-082,Laptop Stand,Office,3,8.15,24.45,confirmed,US,2024-01-17 10:08:29
ORD-0750,CUST-6231,PROD-140,Noise-Cancelling Earbuds,Electronics,2,147.83,295.66,confirmed,DE,2024-01-16 17:45:00
ORD-0751,CUST-0470,PROD-015,Casual Sneakers,Footwear,5,61.32,306.6,shipped,SE,2024-01-17 16:19:30
ORD-0752,CUST-7096,PROD-081,Noise-Cancelling Earbuds,Electronics,3,195.64,586.92,confirmed,AU,2024-01-17 20:59:44
ORD-0753,CUST-4786,PROD-031,Wireless Mouse,Electronics,5,27.0,135.0,confirmed,CA,2024-01-17 02:40:12
ORD-0754,CUST-2698,PROD-345,Casual Sneakers,Footwear,2,106.31,212.62,pending,NL,2024-01-17 18:00:58
ORD-0755,CUST-7525,PROD-148,Yoga Mat,Sports,3,29.13,87.39,confirmed,AU,2024-01-17 17:27:50
ORD-0756,CUST-3774,PROD-060,Scented Candle,Home,2,156.33,312.66,confirmed,NL,2024-01-17 05:46:48
ORD-0757,CUST-2107,PROD-008,Insulated Tumbler,Kitchen,3,120.99,362.97,confirmed,NL,2024-01-16 09:39:14
ORD-0758,CUST-2296,PROD-381,Trail Boots,Footwear,3,65.16,195.48,delivered,DE,2024-01-17 10:32:00
ORD-0759,CUST-1524,PROD-461,Scented Candle,Home,2,125.68,251.36,delivered,AU,2024-01-17 19:02:00
ORD-0760,CUST-1142,PROD-193,Blender,Kitchen,2,96.19,192.38,shipped,NL,2024-01-16 17:59:20
ORD-0761,CUST-2873,PROD-143,Sticky Notes Pack,Office,5,34.68,173.4,shipped,JP,2024-01-16 05:59:04
ORD-0762,CUST-0583,PROD-120,Notebook Set,Office,1,22.19,22.19,pending,GB,2024-01-17 16:05:30
ORD-0763,CUST-0236,PROD-184,Resistance Bands,Sports,5,30.15,150.75,confirmed,DE,2024-01-17 04:43:13
ORD-0764,CUST-9605,PROD-097,Bluetooth Speaker,Electronics,4,75.04,300.16,pending,US,2024-01-17 16:01:36
ORD-0765,CUST-4182,PROD-218,Running Shoes,Footwear,5,64.92,324.6,confirmed,US,2024-01-17 21:24:45
ORD-0766,CUST-3786,PROD-073,Water Bottle,Sports,4,50.62,202.48,cancelled,DE,2024-01-17 12:07:50
ORD-0767,CUST-2690,PROD-355,Ceramic Mug,Kitchen,4,138.48,553.92,pending,US,2024-01-17 11:20:47
ORD-0768,CUST-1364,PROD-009,Desk Lamp,Home,4,62.45,249.8,confirmed,US,2024-01-16 04:16:00
ORD-0769,CUST-7881,PROD-444,Jump Rope,Sports,2,47.98,95.96,delivered,CA,2024-01-17 02:04:53
ORD-0770,CUST-6338,PROD-199,Scented Candle,Home,2,39.51,79.02,confirmed,JP,2024-01-17 07:29:00
ORD-0771,CUST-8950,PROD-212,Insulated Tumbler,Kitchen,1,80.5,80.5,confirmed,SG,2024-01-17 08:24:06
ORD-0772,CUST-5610,PROD-404,Insulated Tumbler,Kitchen,1,102.86,102.86,delivered,SG,2024-01-17 19:49:48
ORD-0773,CUST-8324,PROD-243,Water Bottle,Sports,1,48.37,48.37,shipped,US,2024-01-16 09:58:53
ORD-0774,CUST-1738,PROD-307,Casual Sneakers,Footwear,4,54.98,219.92,pending,CA,2024-01-16 12:35:42
ORD-0775,CUST-9264,PROD-217,Wireless Mouse,Electronics,3,182.02,546.06,confirmed,DE,2024-01-16 15:12:55
ORD-0776,CUST-0950,PROD-101,Sticky Notes Pack,Office,2,23.93,47.86,delivered,BR,2024-01-17 00:05:36
ORD-0777,CUST-3958,PROD-302,Notebook Set,Office,3,20.28,60.84,pending,GB,2024-01-17 21:56:39
ORD-0778,CUST-9449,PROD-310,Sticky Notes Pack,Office,4,32.41,129.64,confirmed,CA,2024-01-17 15:19:28
ORD-0779,CUST-0077,PROD-156,Sticky Notes Pack,Office,2,42.17,84.34,pending,BR,2024-01-16 23:35:57
ORD-0780,CUST-9217,PROD-303,Laptop Stand,Office,1,22.79,22.79,pending,SE,2024-01-16 16:30:00
ORD-0781,CUST-4967,PROD-314,Water Bottle,Sports,2,62.26,124.52,delivered,BR,2024-01-16 18:29:39
ORD-0782,CUST-3272,PROD-249,Blender,Kitchen,1,44.89,44.89,pending,BR,2024-01-17 11:54:58
ORD-0783,CUST-2450,PROD-198,Sticky Notes Pack,Office,2,47.19,94.38,shipped,SG,2024-01-17 11:32:51
ORD-0784,CUST-1622,PROD-308,Casual Sneakers,Footwear,1,58.68,58.68,delivered,GB,2024-01-17 12:29:04
ORD-0785,CUST-6422,PROD-263,Standing Desk Mat,Office,3,44.63,133.89,confirmed,GB,2024-01-17 07:32:10
ORD-0786,CUST-4268,PROD-022,Casual Sneakers,Footwear,1,110.74,110.74,shipped,US,2024-01-16 12:49:12
ORD-0787,CUST-0934,PROD-044,Blender,Kitchen,2,107.38,214.76,confirmed,SG,2024-01-17 04:22:41
ORD-0788,CUST-4811,PROD-360,Wall Clock,Home,5,13.09,65.45,shipped,NL,2024-01-17 10:07:32
ORD-0789,CUST-0307,PROD-312,Casual Sneakers,Footwear,4,78.25,313.0,shipped,KR,2024-01-17 03:23:42
ORD-0790,CUST-2561,PROD-093,Wall Clock,Home,4,109.75,439.0,confirmed,DE,2024-01-16 05:56:40
ORD-0791,CUST-6346,PROD-273,Foam Roller,Sports,4,48.87,195.48,confirmed,US,2024-01-16 16:57:30
ORD-0792,CUST-1383,PROD-491,Wall Clock,Home,2,90.12,180.24,shipped,BR,2024-01-16 04:27:36
ORD-0793,CUST-4939,PROD-326,Laptop Stand,Office,2,11.63,23.26,pending,GB,2024-01-17 06:41:56
ORD-0794,CUST-0193,PROD-324,Notebook Set,Office,4,15.27,61.08,delivered,GB,2024-01-16 06:43:02
ORD-0795,CUST-4307,PROD-179,Foam Roller,Sports,5,67.46,337.3,pending,CA,2024-01-17 12:07:00
ORD-0796,CUST-4460,PROD-021,Water Bottle,Sports,5,35.41,177.05,pending,SE,2024-01-17 12:50:44
ORD-0797,CUST-7304,PROD-021,Desk Lamp,Home,4,115.96,463.84,pending,SG,2024-01-17 21:59:20
ORD-0798,CUST-6385,PROD-114,Blender,Kitchen,1,81.43,81.43,shipped,CA,2024-01-17 08:59:18
ORD-0799,CUST-2949,PROD-285,Sticky Notes Pack,Office,2,37.56,75.12,shipped,SE,2024-01-16 10:38:00
ORD-0800,CUST-8274,PROD-342,Sandals,Footwear,4,107.04,428.16,delivered,DE,2024-01-16 20:13:20
ORD-0801,CUST-5837,PROD-150,Sandals,Footwear,5,118.33,591.65,cancelled,AU,2024-01-17 22:04:39
ORD-0802,CUST-1046,PROD-275,Notebook Set,Office,3,18.19,54.57,delivered,KR,2024-01-16 07:23:30
ORD-0803,CUST-2314,PROD-025,Desk Lamp,Home,2,125.92,251.84,pending,JP,2024-01-17 15:45:50
ORD-0804,CUST-0141,PROD-057,Air Purifier,Home,4,159.09,636.36,shipped,KR,2024-01-18 00:32:36
ORD-0805,CUST-1882,PROD-404,Casual Sneakers,Footwear,4,78.47,313.88,shipped,SG,2024-01-18 01:31:05
ORD-0806,CUST-7833,PROD-351,Throw Blanket,Home,2,102.53,205.06,confirmed,FR,2024-01-18 01:09:06
ORD-0807,CUST-8018,PROD-375,Wireless Headphones,Electronics,2,85.78,171.56,confirmed,NL,2024-01-16 18:17:51
ORD-0808,CUST-9046,PROD-378,Blender,Kitchen,2,137.97,275.94,shipped,SE,2024-01-17 10:43:28
ORD-0809,CUST-0563,PROD-215,Ceramic Mug,Kitchen,5,46.7,233.5,confirmed,SG,2024-01-16 12:59:21
ORD-0810,CUST-9290,PROD-341,Standing Desk Mat,Office,1,26.25,26.25,delivered,GB,2024-01-16 18:12:00
ORD-0811,CUST-1125,PROD-153,Ceramic Mug,Kitchen,1,60.55,60.55,cancelled,SG,2024-01-17 03:55:45
ORD-0812,CUST-8402,PROD-136,Running Shoes,Footwear,4,57.84,231.36,shipped,GB,2024-01-16 20:18:52
ORD-0813,CUST-2137,PROD-026,Scented Candle,Home,1,87.64,87.64,shipped,GB,2024-01-17 13:04:15
ORD-0814,CUST-4410,PROD-294,Sticky Notes Pack,Office,1,53.8,53.8,shipped,CA,2024-01-17 15:10:16
ORD-0815,CUST-2557,PROD-091,Standing Desk Mat,Office,2,57.96,115.92,shipped,JP,2024-01-17 16:35:50
ORD-0816,CUST-8503,PROD-234,Notebook Set,Office,4,45.84,183.36,pending,KR,2024-01-16 17:46:24
ORD-0817,CUST-0322,PROD-489,Yoga Mat,Sports,2,29.51,59.02,pending,CA,2024-01-17 23:59:54
ORD-0818,CUST-0725,PROD-348,Sticky Notes Pack,Office,3,21.86,65.58,confirmed,NL,2024-01-16 12:24:10
ORD-0819,CUST-3645,PROD-260,Resistance Bands,Sports,1,46.17,46.17,pending,KR,2024-01-18 00:36:36
ORD-0820,CUST-5080,PROD-495,Wireless Headphones,Electronics,3,128.23,384.69,pending,AU,2024-01-17 16:43:00
ORD-0821,CUST-0639,PROD-388,Trail Boots,Footwear,1,96.09,96.09,confirmed,BR,2024-01-17 05:22:59
ORD-0822,CUST-7263,PROD-398,Insulated Tumbler,Kitchen,1,8.13,8.13,delivered,JP,2024-01-17 10:41:24
ORD-0823,CUST-5897,PROD-008,Casual Sneakers,Footwear,5,113.99,569.95,cancelled,NL,2024-01-17 14:52:00
ORD-0824,CUST-7345,PROD-241,Air Purifier,Home,3,54.91,164.73,shipped,GB,2024-01-18 02:08:56
ORD-0825,CUST-2130,PROD-114,Sandals,Footwear,4,112.63,450.52,confirmed,FR,2024-01-17 18:12:30
ORD-0826,CUST-1263,PROD-176,Foam Roller,Sports,4,33.49,133.96,shipped,DE,2024-01-17 17:35:26
ORD-0827,CUST-8422,PROD-185,Insulated Tumbler,Kitchen,5,123.16,615.8,pending,GB,2024-01-18 01:55:49
ORD-0828,CUST-5451,PROD-429,Bluetooth Speaker,Electronics,3,45.71,137.13,delivered,DE,2024-01-16 22:52:12
ORD-0829,CUST-8815,PROD-058,Foam Roller,Sports,5,43.95,219.75,delivered,CA,2024-01-17 08:07:41
ORD-0830,CUST-1024,PROD-415,Standing Desk Mat,Office,5,10.74,53.7,pending,AU,2024-01-17 13:15:30
ORD-0831,CUST-5259,PROD-465,Sticky Notes Pack,Office,3,20.81,62.43,pending,BR,2024-01-17 11:14:42
ORD-0832,CUST-8746,PROD-273,Laptop Stand,Office,5,51.74,258.7,confirmed,DE,2024-01-16 22:21:52
ORD-0833,CUST-8384,PROD-180,Water Bottle,Sports,3,31.18,93.54,confirmed,DE,2024-01-17 09:58:48
ORD-0834,CUST-7544,PROD-160,Bluetooth Speaker,Electronics,1,177.05,177.05,pending,NL,2024-01-17 04:42:42
ORD-0835,CUST-5264,PROD-416,USB-C Hub,Electronics,3,96.37,289.11,shipped,US,2024-01-16 16:42:15
ORD-0836,CUST-9921,PROD-150,Bluetooth Speaker,Electronics,4,31.16,124.64,pending,GB,2024-01-17 22:55:56
ORD-0837,CUST-0276,PROD-035,Sandals,Footwear,2,58.43,116.86,shipped,NL,2024-01-17 13:28:30
ORD-0838,CUST-1143,PROD-067,Mechanical Keyboard,Electronics,3,32.44,97.32,shipped,JP,2024-01-16 14:57:34
ORD-0839,CUST-8314,PROD-263,Resistance Bands,Sports,2,57.92,115.84,delivered,AU,2024-01-18 03:21:11
ORD-0840,CUST-4822,PROD-157,Water Bottle,Sports,1,62.78,62.78,cancelled,KR,2024-01-16 18:46:00
ORD-0841,CUST-0826,PROD-150,Mechanical Keyboard,Electronics,3,148.99,446.97,delivered,SG,2024-01-16 05:57:34
ORD-0842,CUST-7304,PROD-202,Bluetooth Speaker,Electronics,4,124.3,497.2,delivered,BR,2024-01-16 13:14:10
ORD-0843,CUST-6618,PROD-382,Water Bottle,Sports,2,27.77,55.54,shipped,FR,2024-01-16 12:20:03
ORD-0844,CUST-1019,PROD-450,Standing Desk Mat,Office,2,50.84,101.68,pending,AU,2024-01-16 18:41:52
ORD-0845,CUST-2903,PROD-350,Ceramic Mug,Kitchen,2,76.16,152.32,shipped,US,2024-01-17 23:08:25
ORD-0846,CUST-0403,PROD-124,Sandals,Footwear,4,48.27,193.08,delivered,GB,2024-01-16 23:57:00
ORD-0847,CUST-6787,PROD-137,Standing Desk Mat,Office,3,6.47,19.41,confirmed,KR,2024-01-17 13:24:29
ORD-0848,CUST-2070,PROD-268,Laptop Stand,Office,5,33.58,167.9,pending,JP,2024-01-16 06:22:40
ORD-0849,CUST-1915,PROD-356,Wireless Headphones,Electronics,2,57.74,115.48,confirmed,SG,2024-01-17 15:39:24
ORD-0850,CUST-8931,PROD-036,Running Shoes,Footwear,1,105.04,105.04,shipped,JP,2024-01-17 00:50:50
ORD-0851,CUST-1586,PROD-129,Mechanical Keyboard,Electronics,5,175.79,878.95,shipped,FR,2024-01-16 18:16:35
ORD-0852,CUST-8964,PROD-231,USB-C Hub,Electronics,3,170.17,510.51,pending,FR,2024-01-16 10:16:12
ORD-0853,CUST-0008,PROD-184,Water Bottle,Sports,4,22.41,89.64,shipped,SG,2024-01-18 05:53:55
ORD-0854,CUST-8305,PROD-124,Mechanical Keyboard,Electronics,2,161.15,322.3,confirmed,KR,2024-01-16 16:58:26
ORD-0855,CUST-9990,PROD-166,Blender,Kitchen,4,87.39,349.56,cancelled,GB,2024-01-16 22:42:45
ORD-0856,CUST-0537,PROD-049,Bluetooth Speaker,Electronics,4,140.7,562.8,confirmed,BR,2024-01-16 07:03:52
ORD-0857,CUST-7068,PROD-468,Sticky Notes Pack,Office,5,52.09,260.45,delivered,NL,2024-01-16 19:56:47
ORD-0858,CUST-2021,PROD-067,Running Shoes,Footwear,1,56.44,56.44,pending,SG,2024-01-17 17:40:36
ORD-0859,CUST-4280,PROD-120,Jump Rope,Sports,5,29.26,146.3,delivered,NL,2024-01-16 17:52:58
ORD-0860,CUST-5205,PROD-271,Standing Desk Mat,Office,2,54.07,108.14,shipped,KR,2024-01-17 01:05:20
ORD-0861,CUST-8140,PROD-096,Throw Blanket,Home,4,39.04,156.16,pending,FR,2024-01-16 06:28:54
ORD-0862,CUST-9473,PROD-246,Laptop Stand,Office,1,25.87,25.87,confirmed,NL,2024-01-17 07:24:36
ORD-0863,CUST-8004,PROD-468,Scented Candle,Home,4,101.94,407.76,shipped,CA,2024-01-16 18:59:58
ORD-0864,CUST-6776,PROD-105,Foam Roller,Sports,5,78.24,391.2,cancelled,SE,2024-01-16 17:50:24
ORD-0865,CUST-9013,PROD-159,Mechanical Keyboard,Electronics,2,59.52,119.04,confirmed,CA,2024-01-16 16:40:40
ORD-0866,CUST-7613,PROD-434,Coffee Maker,Kitchen,4,126.46,505.84,delivered,FR,2024-01-17 20:37:12
ORD-0867,CUST-5910,PROD-103,Notebook Set,Office,3,15.56,46.68,pending,DE,2024-01-16 16:59:39
ORD-0868,CUST-5115,PROD-313,Laptop Stand,Office,5,21.09,105.45,confirmed,CA,2024-01-17 05:05:16
ORD-0869,CUST-0585,PROD-062,Bluetooth Speaker,Electronics,3,169.14,507.42,confirmed,BR,2024-01-17 14:47:43
ORD-0870,CUST-9180,PROD-254,Trail Boots,Footwear,1,46.65,46.65,delivered,GB,2024-01-16 21:27:30
ORD-0871,CUST-8125,PROD-037,Scented Candle,Home,1,27.18,27.18,pending,AU,2024-01-16 17:08:47
ORD-0872,CUST-6700,PROD-447,Water Bottle,Sports,3,52.56,157.68,confirmed,BR,2024-01-18 04:18:24
ORD-0873,CUST-9083,PROD-403,Water Bottle,Sports,3,14.14,42.42,pending,SG,2024-01-17 15:31:57
ORD-0874,CUST-6774,PROD-298,Blender,Kitchen,1,103.36,103.36,pending,SG,2024-01-16 16:17:22
ORD-0875,CUST-2764,PROD-379,Notebook Set,Office,2,14.93,29.86,delivered,AU,2024-01-17 18:20:00
ORD-0876,CUST-7102,PROD-049,Water Bottle,Sports,3,48.65,145.95,confirmed,FR,2024-01-17 10:36:48
ORD-0877,CUST-8954,PROD-337,Running Shoes,Footwear,5,47.64,238.2,confirmed,GB,2024-01-17 09:12:34
ORD-0878,CUST-9996,PROD-469,Throw Blanket,Home,5,158.18,790.9,delivered,JP,2024-01-16 18:08:40
ORD-0879,CUST-3262,PROD-494,Laptop Stand,Office,1,52.89,52.89,delivered,NL,2024-01-18 06:33:51
ORD-0880,CUST-9567,PROD-202,Casual Sneakers,Footwear,1,77.65,77.65,pending,SG,2024-01-16 14:33:20
ORD-0881,CUST-6071,PROD-466,Casual Sneakers,Footwear,3,73.38,220.14,pending,KR,2024-01-17 22:09:34
ORD-0882,CUST-4875,PROD-459,Water Bottle,Sports,2,14.26,28.52,pending,DE,2024-01-17 22:28:30
ORD-0883,CUST-6294,PROD-323,Throw Blanket,Home,4,81.54,326.16,shipped,JP,2024-01-17 01:27:07
ORD-0884,CUST-3576,PROD-009,Monitor Light Bar,Electronics,4,155.98,623.92,confirmed,BR,2024-01-16 13:42:44
ORD-0885,CUST-6067,PROD-496,Wireless Mouse,Electronics,3,166.43,499.29,delivered,KR,2024-01-16 15:42:45
ORD-0886,CUST-6288,PROD-149,Resistance Bands,Sports,5,67.72,338.6,shipped,NL,2024-01-17 15:52:02
ORD-0887,CUST-3661,PROD-031,Laptop Stand,Office,4,15.13,60.52,shipped,CA,2024-01-18 04:14:59
ORD-0888,CUST-6214,PROD-091,Throw Blanket,Home,1,79.78,79.78,shipped,NL,2024-01-17 04:53:36
ORD-0889,CUST-1170,PROD-378,Yoga Mat,Sports,1,62.87,62.87,pending,BR,2024-01-16 15:51:21
ORD-0890,CUST-3250,PROD-092,Trail Boots,Footwear,5,69.31,346.55,confirmed,US,2024-01-17 14:08:30
ORD-0891,CUST-6881,PROD-043,Mechanical Keyboard,Electronics,1,89.06,89.06,delivered,BR,2024-01-16 10:28:57
ORD-0892,CUST-8135,PROD-179,Casual Sneakers,Footwear,3,112.55,337.65,pending,CA,2024-01-16 06:32:52
ORD-0893,CUST-8684,PROD-407,Throw Blanket,Home,2,65.72,131.44,confirmed,DE,2024-01-17 04:39:00
ORD-0894,CUST-9045,PROD-171,Laptop Stand,Office,2,21.57,43.14,delivered,FR,2024-01-16 10:04:30
ORD-0895,CUST-1121,PROD-362,Mechanical Keyboard,Electronics,1,132.04,132.04,confirmed,CA,2024-01-17 09:58:15
ORD-0896,CUST-1114,PROD-297,Sticky Notes Pack,Office,2,49.58,99.16,confirmed,CA,2024-01-17 04:33:04
ORD-0897,CUST-6339,PROD-357,Mechanical Keyboard,Electronics,3,30.56,91.68,shipped,NL,2024-01-17 03:36:15
ORD-0898,CUST-3063,PROD-411,Laptop Stand,Office,3,33.72,101.16,delivered,AU,2024-01-17 04:09:06
ORD-0899,CUST-0230,PROD-474,Coffee Maker,Kitchen,2,136.61,273.22,confirmed,DE,2024-01-18 02:25:34
ORD-0900,CUST-9007,PROD-014,Noise-Cancelling Earbuds,Electronics,3,124.37,373.11,confirmed,CA,2024-01-16 10:45:00
ORD-0901,CUST-8877,PROD-406,Mechanical Keyboard,Electronics,4,185.64,742.56,shipped,GB,2024-01-18 10:04:56
ORD-0902,CUST-1774,PROD-047,Insulated Tumbler,Kitchen,5,29.3,146.5,shipped,JP,2024-01-18 05:09:12
ORD-0903,CUST-5604,PROD-479,Water Bottle,Sports,1,18.25,18.25,confirmed,KR,2024-01-16 07:34:42
ORD-0904,CUST-8186,PROD-456,Notebook Set,Office,5,34.32,171.6,shipped,CA,2024-01-17 22:16:32
ORD-0905,CUST-3444,PROD-201,Yoga Mat,Sports,5,64.13,320.65,confirmed,CA,2024-01-17 21:35:25
ORD-0906,CUST-3927,PROD-069,Coffee Maker,Kitchen,4,74.99,299.96,delivered,DE,2024-01-16 18:43:48
ORD-0907,CUST-0427,PROD-095,Wall Clock,Home,1,34.35,34.35,pending,SG,2024-01-17 10:38:27
ORD-0908,CUST-7210,PROD-105,Throw Blanket,Home,2,58.53,117.06,delivered,US,2024-01-17 00:06:12
ORD-0909,CUST-6097,PROD-231,Laptop Stand,Office,5,8.53,42.65,confirmed,JP,2024-01-16 21:07:03
ORD-0910,CUST-0771,PROD-380,Throw Blanket,Home,2,93.58,187.16,pending,GB,2024-01-16 20:39:10
ORD-0911,CUST-7063,PROD-033,Sandals,Footwear,3,68.3,204.9,pending,SE,2024-01-16 17:09:01
ORD-0912,CUST-4816,PROD-401,Jump Rope,Sports,3,19.27,57.81,pending,KR,2024-01-16 07:48:48
ORD-0913,CUST-4348,PROD-197,Water Bottle,Sports,5,59.33,296.65,delivered,JP,2024-01-16 11:53:50
ORD-0914,CUST-0001,PROD-037,Casual Sneakers,Footwear,1,74.48,74.48,confirmed,DE,2024-01-16 12:26:08
ORD-0915,CUST-3078,PROD-201,Foam Roller,Sports,5,25.81,129.05,confirmed,DE,2024-01-16 18:49:15
ORD-0916,CUST-0157,PROD-011,Mechanical Keyboard,Electronics,5,61.22,306.1,shipped,JP,2024-01-16 09:57:12
ORD-0917,CUST-0297,PROD-252,Sticky Notes Pack,Office,5,31.43,157.15,pending,AU,2024-01-17 16:17:37
ORD-0918,CUST-5420,PROD-384,Throw Blanket,Home,3,19.59,58.77,pending,SG,2024-01-18 09:11:06
ORD-0919,CUST-3769,PROD-254,Bluetooth Speaker,Electronics,3,80.26,240.78,confirmed,DE,2024-01-18 04:40:11
ORD-0920,CUST-3868,PROD-316,Foam Roller,Sports,3,61.93,185.79,shipped,US,2024-01-18 11:38:40
ORD-0921,CUST-5469,PROD-468,Laptop Stand,Office,1,5.69,5.69,confirmed,BR,2024-01-16 14:42:00
ORD-0922,CUST-2861,PROD-257,Wall Clock,Home,4,73.48,293.92,shipped,CA,2024-01-17 13:47:00
ORD-0923,CUST-6562,PROD-288,Yoga Mat,Sports,3,67.14,201.42,pending,DE,2024-01-16 08:21:25
ORD-0924,CUST-2093,PROD-427,Trail Boots,Footwear,5,113.73,568.65,pending,CA,2024-01-18 02:13:12
ORD-0925,CUST-5272,PROD-061,Sticky Notes Pack,Office,5,45.78,228.9,delivered,NL,2024-01-18 07:41:15
ORD-0926,CUST-8690,PROD-359,Water Bottle,Sports,4,36.63,146.52,shipped,KR,2024-01-17 01:40:12
ORD-0927,CUST-5009,PROD-125,Scented Candle,Home,3,139.8,419.4,shipped,NL,2024-01-17 23:05:15
ORD-0928,CUST-0472,PROD-275,Air Purifier,Home,3,111.48,334.44,confirmed,AU,2024-01-18 10:14:24
ORD-0929,CUST-8109,PROD-455,Resistance Bands,Sports,3,54.6,163.8,delivered,AU,2024-01-18 04:23:05
ORD-0930,CUST-5081,PROD-170,Insulated Tumbler,Kitchen,2,34.54,69.08,pending,NL,2024-01-17 16:03:30
ORD-0931,CUST-6262,PROD-259,Noise-Cancelling Earbuds,Electronics,3,110.77,332.31,delivered,GB,2024-01-17 14:34:01
ORD-0932,CUST-2634,PROD-088,Jump Rope,Sports,1,10.7,10.7,shipped,FR,2024-01-17 02:43:00
ORD-0933,CUST-6694,PROD-230,Air Purifier,Home,5,50.9,254.5,confirmed,CA,2024-01-17 00:10:15
ORD-0934,CUST-6145,PROD-173,Scented Candle,Home,3,83.79,251.37,delivered,US,2024-01-17 22:47:08
ORD-0935,CUST-3586,PROD-232,Laptop Stand,Office,1,21.8,21.8,pending,SE,2024-01-18 05:51:55
ORD-0936,CUST-9945,PROD-046,Insulated Tumbler,Kitchen,3,52.75,158.25,pending,SG,2024-01-16 20:08:24
ORD-0937,CUST-1861,PROD-196,Ceramic Mug,Kitchen,1,102.53,102.53,pending,US,2024-01-17 18:33:45
ORD-0938,CUST-8645,PROD-012,Casual Sneakers,Footwear,3,96.99,290.97,pending,GB,2024-01-17 01:10:04
ORD-0939,CUST-0983,PROD-434,Sticky Notes Pack,Office,1,41.29,41.29,delivered,KR,2024-01-17 00:41:24
ORD-0940,CUST-9483,PROD-225,Laptop Stand,Office,1,16.92,16.92,delivered,KR,2024-01-17 06:44:20
ORD-0941,CUST-0363,PROD-181,Desk Lamp,Home,3,75.0,225.0,cancelled,US,2024-01-16 14:19:16
ORD-0942,CUST-4421,PROD-432,Desk Lamp,Home,1,44.94,44.94,confirmed,AU,2024-01-16 19:03:48
ORD-0943,CUST-9163,PROD-447,Running Shoes,Footwear,5,45.8,229.0,confirmed,BR,2024-01-16 13:20:16
ORD-0944,CUST-8818,PROD-262,Monitor Light Bar,Electronics,3,51.22,153.66,pending,AU,2024-01-18 08:53:52
ORD-0945,CUST-0401,PROD-353,Sandals,Footwear,4,65.23,260.92,pending,GB,2024-01-17 20:06:45
ORD-0946,CUST-6063,PROD-259,USB-C Hub,Electronics,5,198.9,994.5,confirmed,SE,2024-01-16 13:25:52
ORD-0947,CUST-7369,PROD-023,Resistance Bands,Sports,2,12.55,25.1,shipped,JP,2024-01-18 09:07:46
ORD-0948,CUST-0948,PROD-286,Casual Sneakers,Footwear,2,116.53,233.06,confirmed,KR,2024-01-17 00:17:24
ORD-0949,CUST-1589,PROD-358,Yoga Mat,Sports,4,32.37,129.48,confirmed,US,2024-01-17 12:43:20
ORD-0950,CUST-8219,PROD-271,Wall Clock,Home,2,40.13,80.26,cancelled,DE,2024-01-17 05:39:10
ORD-0951,CUST-2497,PROD-137,Sandals,Footwear,5,68.14,340.7,confirmed,FR,2024-01-16 15:42:00
ORD-0952,CUST-1432,PROD-051,Noise-Cancelling Earbuds,Electronics,4,116.43,465.72,confirmed,JP,2024-01-17 11:49:52
ORD-0953,CUST-8170,PROD-297,Sticky Notes Pack,Office,1,8.75,8.75,confirmed,FR,2024-01-17 23:47:53
ORD-0954,CUST-5190,PROD-040,Trail Boots,Footwear,1,104.28,104.28,confirmed,SG,2024-01-18 14:10:30
ORD-0955,CUST-1536,PROD-024,Blender,Kitchen,1,26.21,26.21,confirmed,FR,2024-01-17 17:18:00
ORD-0956,CUST-0778,PROD-433,Wireless Mouse,Electronics,3,96.77,290.31,delivered,US,2024-01-18 04:14:52
ORD-0957,CUST-4403,PROD-057,Ceramic Mug,Kitchen,4,47.13,188.52,pending,DE,2024-01-16 21:13:00
ORD-0958,CUST-2550,PROD-173,Sandals,Footwear,3,66.98,200.94,cancelled,BR,2024-01-16 23:55:00
ORD-0959,CUST-9920,PROD-052,Running Shoes,Footwear,3,87.94,263.82,pending,CA,2024-01-16 11:58:15
ORD-0960,CUST-2189,PROD-166,Scented Candle,Home,1,13.59,13.59,pending,SE,2024-01-18 13:36:00
ORD-0961,CUST-2415,PROD-393,Monitor Light Bar,Electronics,3,100.86,302.58,shipped,SE,2024-01-17 23:15:57
ORD-0962,CUST-9750,PROD-346,Throw Blanket,Home,5,23.68,118.4,cancelled,GB,2024-01-16 22:12:46
ORD-0963,CUST-2218,PROD-437,Wall Clock,Home,2,149.45,298.9,confirmed,DE,2024-01-18 01:32:15
ORD-0964,CUST-6600,PROD-423,Trail Boots,Footwear,5,82.16,410.8,shipped,AU,2024-01-16 19:36:52
ORD-0965,CUST-4521,PROD-247,Blender,Kitchen,1,84.55,84.55,shipped,BR,2024-01-16 12:24:50
ORD-0966,CUST-8265,PROD-256,Notebook Set,Office,4,8.22,32.88,delivered,BR,2024-01-17 08:50:12
ORD-0967,CUST-6159,PROD-031,Running Shoes,Footwear,5,84.97,424.85,shipped,SG,2024-01-16 23:29:09
ORD-0968,CUST-8932,PROD-400,Mechanical Keyboard,Electronics,3,76.42,229.26,shipped,DE,2024-01-16 16:48:16
ORD-0969,CUST-3994,PROD-484,Air Purifier,Home,1,142.56,142.56,pending,KR,2024-01-18 00:19:51
ORD-0970,CUST-4763,PROD-123,Wall Clock,Home,5,33.44,167.2,confirmed,US,2024-01-18 02:33:10
ORD-0971,CUST-9217,PROD-262,Wireless Mouse,Electronics,5,72.29,361.45,cancelled,DE,2024-01-17 05:34:59
ORD-0972,CUST-0434,PROD-198,Laptop Stand,Office,3,51.0,153.0,confirmed,BR,2024-01-17 17:30:36
ORD-0973,CUST-8050,PROD-120,Resistance Bands,Sports,3,15.05,45.15,shipped,BR,2024-01-18 16:00:08
ORD-0974,CUST-5620,PROD-470,Foam Roller,Sports,5,79.85,399.25,shipped,GB,2024-01-18 07:25:36
ORD-0975,CUST-8591,PROD-066,Ceramic Mug,Kitchen,3,18.23,54.69,shipped,KR,2024-01-17 21:45:00
ORD-0976,CUST-9853,PROD-208,Casual Sneakers,Footwear,1,86.4,86.4,shipped,FR,2024-01-16 20:03:28
ORD-0977,CUST-5481,PROD-291,Wall Clock,Home,4,55.72,222.88,shipped,AU,2024-01-17 13:44:06
ORD-0978,CUST-0515,PROD-278,Resistance Bands,Sports,1,42.29,42.29,delivered,CA,2024-01-17 09:42:54
ORD-0979,CUST-3973,PROD-213,Notebook Set,Office,3,39.14,117.42,shipped,US,2024-01-17 23:21:47
ORD-0980,CUST-8058,PROD-345,Ceramic Mug,Kitchen,5,107.48,537.4,pending,FR,2024-01-18 07:35:40
ORD-0981,CUST-9173,PROD-404,Wall Clock,Home,4,137.49,549.96,pending,JP,2024-01-16 23:47:06
ORD-0982,CUST-9405,PROD-497,Sticky Notes Pack,Office,3,46.43,139.29,delivered,SG,2024-01-16 11:33:02
ORD-0983,CUST-5792,PROD-293,Air Purifier,Home,5,13.5,67.5,shipped,CA,2024-01-17 02:19:25
ORD-0984,CUST-1794,PROD-196,Coffee Maker,Kitchen,2,137.91,275.82,confirmed,JP,2024-01-18 16:38:00
ORD-0985,CUST-7235,PROD-415,Standing Desk Mat,Office,3,35.38,106.14,shipped,SG,2024-01-17 05:25:10
ORD-0986,CUST-0936,PROD-040,USB-C Hub,Electronics,3,30.8,92.4,confirmed,GB,2024-01-16 22:04:14
ORD-0987,CUST-5808,PROD-140,Wall Clock,Home,1,137.4,137.4,shipped,JP,2024-01-18 12:29:33
ORD-0988,CUST-1647,PROD-291,USB-C Hub,Electronics,1,135.68,135.68,shipped,SG,2024-01-17 23:07:20
ORD-0989,CUST-5965,PROD-106,Mechanical Keyboard,Electronics,4,52.14,208.56,shipped,SE,2024-01-18 10:26:59
ORD-0990,CUST-8352,PROD-070,USB-C Hub,Electronics,4,33.01,132.04,delivered,US,2024-01-17 02:04:30
ORD-0991,CUST-9025,PROD-013,Mechanical Keyboard,Electronics,1,48.08,48.08,shipped,CA,2024-01-17 01:00:59
ORD-0992,CUST-8616,PROD-473,Notebook Set,Office,3,5.85,17.55,pending,CA,2024-01-18 01:18:24
ORD-0993,CUST-9168,PROD-197,Standing Desk Mat,Office,1,43.15,43.15,confirmed,SE,2024-01-18 07:26:27
ORD-0994,CUST-6891,PROD-227,Bluetooth Speaker,Electronics,5,140.44,702.2,pending,FR,2024-01-17 17:09:18
ORD-0995,CUST-7933,PROD-478,Sticky Notes Pack,Office,3,22.94,68.82,delivered,FR,2024-01-16 13:51:00
ORD-0996,CUST-4301,PROD-377,Standing Desk Mat,Office,2,43.44,86.88,shipped,AU,2024-01-18 17:53:36
ORD-0997,CUST-5377,PROD-497,Desk Lamp,Home,1,65.28,65.28,pending,SG,2024-01-17 13:43:38
ORD-0998,CUST-6282,PROD-406,Insulated Tumbler,Kitchen,3,58.21,174.63,pending,KR,2024-01-18 14:27:14
ORD-0999,CUST-7429,PROD-421,Noise-Cancelling Earbuds,Electronics,4,76.55,306.2,confirmed,AU,2024-01-18 17:35:06
ORD-1000,CUST-9518,PROD-400,Scented Candle,Home,4,12.83,51.32,delivered,JP,2024-01-17 15:00:00
